$bth_SHA.csv                                                         ,,,,,,,,,,,,,,,,,,,,,,,,,,,,,,,,,,,,,,,,,,,,,,,,,,,,,,,
   Seg#,1,2,3,4,5,6,7,8,9,10,11,12,13,14,15,16,17,18,19,20,21,22,23,24,25,26,27,28,29,30,31,32,33,34,35,36,37,38,39,40,41,42,43,44,45,46,47,48,49,50,51,52,53,54,55
    DLX,3301,4249,3037,3301,4705,3973,2316,1800,4260,2256,2064,1920,2268,2268,2844,2280,1080,2004,1800,2364,2304,1848,2268,2116,1824,2260,1872,2468,2184,2184,2572,2096,2040,2048,1140,1824,2548,2100,2296,2080,2256,2156,1884,2504,2336,2268,2248,2342,1252,1960,2476,1916,2284,1200,1200
   ELWS,291.61,291.61,291.61,291.61,291.61,291.61,291.61,291.61,291.61,291.61,291.61,291.61,291.61,291.61,291.61,291.61,291.61,291.61,291.61,291.61,291.61,291.61,291.61,291.61,291.61,291.61,291.61,291.61,291.61,291.61,291.61,291.61,291.61,291.61,291.61,291.61,291.61,291.61,291.61,291.61,291.61,291.61,291.61,291.61,291.61,291.61,291.61,291.61,291.61,291.61,291.61,291.61,291.61,291.61,291.61
   PHI0,0.4,0.4,0.4,0.4,0.4,0.4,0.4,0.4,0.4,0.4,0.4,0.4,0.4,0.4,0.4,0.4,0.4,0.4,0.4,0.4,0.4,0.4,0.4,0.4,0.4,0.4,0.4,0.4,0.4,0.4,0.4,0.4,0.4,0.4,0.4,0.4,0.4,0.4,0.4,0.4,0.4,0.4,0.4,0.4,0.4,0.4,0.4,0.4,0.4,0.4,0.4,0.4,0.4,0.4,0.4
   FRIC,70,70,70,70,70,70,70,70,70,70,70,70,70,70,70,70,70,70,70,70,70,70,70,70,70,70,70,70,70,70,70,70,70,70,70,70,70,70,70,70,70,70,70,70,70,70,70,70,70,70,70,70,70,70,70
 LAYERH,1,44,59,2,32,24,45,60,3,46,25,33,47,34,4,5,48,26,49,35,6,27,36,50,51,7,8,28,37,9,38,61,52,10,29,39,11,40,53,54,12,13,14,41,55,62,15,16,56,17,18,19,20,21,22
1.5,0,0,0,0,0,0,0,0,0,0,0,0,0,0,0,0,0,0,0,0,0,0,0,0,0,0,0,0,0,0,0,0,0,0,0,0,0,0,0,0,0,0,0,0,0,0,0,0,0,0,0,0,0,0,0
1.5,0,197.8,205,215.2,302.6,213.9,357.2,309.9,279.2,430.9,617.3,461,859.3,436.3,372.2,323.8,652.2,803.9,577.9,590.8,351.8,1375.8,1290.1,1681.9,1389,502.5,483.8,1685.5,1153.3,757.9,1535.1,664.4,976.6,941.1,1862.6,1431.2,2529.9,2031.8,2019.5,2436.9,1727.6,2383.7,1994.9,1685,2487.5,1211.6,1226.7,1944.2,2890.8,2216.5,2530.8,2713.3,3756.7,1974.1,0
1.5,0,184.2,190.9,201.2,286.7,202.5,339.2,298.5,267,417.1,592.3,444.1,826.7,421.1,360,310.2,630.8,774.1,561.2,575.3,341.2,1322,1263.2,1633.7,1348.8,489.6,473.2,1649.9,1120.7,741.2,1490.4,645.9,953.3,921.5,1826.8,1413.8,2473.5,1993,1994.6,2397.9,1711.7,2352.5,1970.9,1665.6,2464.5,1193.2,1208.1,1906.9,2859.4,2180.9,2504.6,2685.9,3728.3,1947.2,0
1.5,0,170.9,177.1,187.5,271.1,191.4,321.5,287.4,255.1,403.6,567.6,427.5,794.4,406.2,348.1,296.9,609.7,744.6,544.8,560.1,330.9,1268.5,1236.6,1585.8,1308.9,477,462.9,1614.6,1088.4,724.8,1446,627.7,930.3,902.2,1791.3,1396.7,2417.4,1954.5,1970,2359.2,1696.1,2321.6,1947.2,1646.5,2441.8,1175.1,1189.8,1869.9,2828.3,2145.6,2478.7,2658.8,3700.2,1920.6,0
1.5,0,157.8,163.5,174,255.7,180.5,304,276.5,243.4,390.3,543.1,411.1,762.3,391.5,336.4,283.8,588.8,715.3,528.6,545.1,320.8,1215.2,1210.2,1538.1,1269.2,464.6,452.8,1579.5,1056.3,708.6,1401.8,609.7,907.5,883.1,1756,1379.8,2361.5,1916.2,1945.6,2320.7,1680.7,2290.9,1923.7,1627.6,2419.3,1157.2,1171.7,1833.1,2797.4,2110.5,2453,2631.9,3672.3,1894.2,0
1.5,0,144.9,150.1,160.7,240.5,169.8,286.7,265.8,231.9,377.2,518.8,394.9,730.4,377,324.9,270.9,568.1,686.2,512.6,530.3,310.9,1162.1,1184,1490.6,1229.7,452.4,442.9,1544.6,1024.4,692.6,1357.8,591.9,884.9,864.2,1720.9,1363.1,2305.8,1878.1,1921.4,2282.4,1665.5,2260.4,1900.4,1608.9,2397,1139.5,1153.8,1796.5,2766.7,2075.6,2427.5,2605.2,3644.6,1868,0
1.5,0,132.3,137,147.7,225.6,159.4,269.7,255.4,220.7,364.4,494.8,379,698.8,362.8,313.7,258.3,547.7,657.4,496.9,515.8,301.3,1109.3,1158.1,1443.4,1190.5,440.5,433.3,1510,992.8,676.9,1314.1,574.4,862.6,845.6,1686.1,1346.7,2250.4,1840.3,1897.5,2244.4,1650.6,2230.2,1877.4,1590.5,2375,1122.1,1136.2,1760.2,2736.3,2041,2402.3,2578.8,3617.2,1842.1,0
1.5,0,120,124.2,135,211,149.3,253,245.3,209.8,351.9,471.1,363.4,667.5,348.9,302.8,246,527.6,628.9,481.5,501.6,292,1056.8,1132.5,1396.5,1151.6,428.9,424,1475.7,961.5,661.5,1270.7,557.2,840.6,827.3,1651.6,1330.6,2195.3,1802.8,1873.9,2206.7,1636,2200.3,1854.7,1572.4,2353.3,1105,1118.9,1724.2,2706.2,2006.7,2377.4,2552.7,3590.1,1816.5,0
1.5,0,107.9,111.6,122.5,196.6,139.4,236.5,235.4,199.1,339.6,447.6,348,636.4,335.2,292.1,233.9,507.7,600.6,466.3,487.6,282.9,1004.5,1107.1,1349.8,1112.9,417.5,414.9,1441.6,930.4,646.3,1227.5,540.2,818.8,809.2,1617.3,1314.7,2140.4,1765.5,1850.5,2169.2,1621.6,2170.6,1832.2,1554.5,2331.8,1088.1,1101.8,1688.4,2676.3,1972.6,2352.7,2526.8,3563.2,1791.1,0
1.5,0,96,99.2,110.2,182.4,129.7,220.2,225.7,188.6,327.5,424.3,332.8,605.5,321.7,281.6,222,488,572.5,451.3,473.8,274,952.4,1081.9,1303.3,1074.4,406.3,406,1407.7,899.5,631.3,1184.5,523.4,797.2,791.3,1583.2,1299,2085.7,1728.4,1827.3,2131.9,1607.4,2141.1,1809.9,1536.8,2310.5,1071.4,1084.9,1652.8,2646.6,1938.7,2328.2,2501.1,3536.5,1765.9,0
1.5,0,84.4,87.1,98.2,168.5,120.3,204.2,216.3,178.4,315.7,401.3,317.9,574.9,308.5,271.4,210.4,468.6,544.7,436.6,460.3,265.4,900.6,1057,1257.1,1036.2,395.4,397.4,1374.1,868.9,616.6,1141.8,506.9,775.9,773.7,1549.4,1283.6,2031.3,1691.6,1804.4,2094.9,1593.5,2111.9,1787.9,1519.4,2289.5,1055,1068.3,1617.5,2617.2,1905.1,2304,2475.7,3510.1,1741,0
1.5,0,73,75.2,86.4,154.8,111.1,188.4,207.1,168.4,304.1,378.5,303.2,544.5,295.5,261.4,199,449.4,517.1,422.1,447,257,849,1032.3,1211.1,998.2,384.7,389,1340.7,838.5,602.1,1099.3,490.6,754.8,756.3,1515.8,1268.4,1977.1,1655,1781.7,2058.1,1579.8,2082.9,1766.1,1502.2,2268.7,1038.8,1051.9,1582.4,2588,1871.7,2280,2450.5,3483.9,1716.3,0
1.5,0,61.8,63.5,74.9,141.4,102.1,172.8,198.1,158.7,292.9,356,288.9,514.4,282.9,251.7,187.8,430.5,489.7,408,434,249,797.7,1007.8,1165.4,960.6,374.2,381,1307.6,808.4,588,1057.2,474.5,734,739.2,1482.5,1253.6,1923.1,1618.7,1759.4,2021.6,1566.4,2054.3,1744.6,1485.4,2248.2,1023,1035.8,1547.6,2559.1,1838.6,2256.2,2425.5,3457.9,1691.8,0
1.5,0,50.8,52,63.6,128.2,93.3,157.5,189.3,149.1,281.9,333.7,274.7,484.5,270.4,242.1,176.8,411.8,462.6,394.1,421.2,241.1,746.7,983.5,1119.9,923.1,364,373.1,1274.8,778.5,574.1,1015.2,458.7,713.4,722.3,1449.4,1238.9,1869.3,1582.7,1737.3,1985.3,1553.2,2025.8,1723.3,1468.7,2227.8,1007.3,1019.9,1513,2530.5,1805.8,2232.7,2400.8,3432.2,1667.5,0
1.5,0,40.1,40.8,52.6,115.3,84.9,142.5,180.9,139.9,271.2,311.7,260.8,454.9,258.3,232.9,166.1,393.4,435.8,380.4,408.7,233.5,695.9,959.6,1074.7,885.9,354,365.5,1242.2,748.9,560.4,973.5,443.2,693.2,705.8,1416.6,1224.5,1815.9,1546.9,1715.4,1949.2,1540.3,1997.7,1702.2,1452.4,2207.8,992,1004.3,1478.7,2502.1,1773.2,2209.5,2376.3,3406.7,1643.6,0
1.5,0,0,0,43.7,104.5,78.5,129.5,174.5,132.8,262.5,291.8,249,427.3,248.2,225.8,157.5,377.1,411,368.9,398.4,228.1,647.2,937.7,1031.6,850.9,346.2,360.1,1211.7,721.3,548.9,934,429.8,675,691.3,1385.8,1212.2,1764.5,1513.2,1695.7,1915.3,1529.5,1971.7,1683.3,1438.2,2189.9,978.7,990.8,1446.5,2475.8,1742.7,2188.4,2353.9,3383.4,1621.7,0
1.5,0,0,0,32.1,91,68,112.7,160.8,124.5,245.9,271.6,233.8,405.1,234.5,214.8,149.5,357.1,390.9,355.4,381.9,217.8,610.1,900.1,995.1,812.5,333.8,347.7,1175,700.6,536,906.6,417.6,661.1,674.1,1355.7,1193.3,1703.1,1489.2,1672.9,1882.1,1510.9,1938.4,1655.4,1421.4,2163.9,963.2,976,1415.5,2450.5,1711.3,2156.4,2321.6,3359.5,1601.6,0
1.5,0,0,0,20.3,77.4,56.1,94.7,143,117.4,224.7,253.5,217.9,389.6,219.9,202.5,144.3,336.1,377.1,342.4,362.4,205.7,585.3,851,966.6,773.4,319.7,331.7,1135.1,688,524.1,892.1,408.8,653.3,657,1328.3,1170.7,1635.1,1475.8,1649.7,1851.8,1487.6,1901.1,1621.7,1404.7,2133.2,948,962.3,1387.8,2428.3,1681.4,2117.2,2282.8,3337.3,1585.3,0
1.5,0,0,0,8.9,64.2,44.5,76.9,125.6,110.7,203.7,235.6,202.2,374.5,205.7,190.6,139.3,315.5,363.5,329.7,343.2,193.9,560.8,802.1,938.5,734.7,305.9,315.9,1095.5,675.6,512.5,878,400.3,645.8,640.1,1301.3,1148.4,1567.5,1462.8,1626.9,1821.8,1464.5,1864,1588.4,1388.4,2102.9,933.1,948.8,1360.3,2406.3,1651.7,2078.4,2244.3,3315.3,1569.3,0
1.5,0,0,0,0,51.1,33.1,59.4,108.3,104.1,182.9,218,186.8,359.5,191.6,178.8,134.6,295,350.2,317.2,324.2,182.3,536.5,753.5,910.5,696.1,292.3,300.4,1056.1,663.5,501.1,864,392,638.5,623.5,1274.4,1126.3,1500,1449.9,1604.2,1792,1441.7,1827.2,1555.2,1372.2,2072.7,918.4,935.6,1333.1,2384.6,1622.3,2039.7,2206,3293.6,1553.5,0
1.5,0,0,0,0,40.7,21.8,41.9,91,97.5,162.1,200.3,171.4,344.6,177.5,167.1,129.9,274.5,336.8,304.7,305.2,170.6,512.2,704.9,882.5,657.6,278.7,284.8,1016.7,651.4,489.8,850.1,383.7,631.2,606.8,1247.5,1104.3,1432.6,1437.1,1581.5,1762.2,1418.9,1790.4,1522.1,1356,2042.5,903.7,922.4,1305.9,2362.9,1592.8,2001,2167.7,3271.9,1537.7,0
1.5,0,0,0,0,0,13.9,25.7,75,92.2,142.6,184,157.2,331,164.7,156.6,126.4,255.3,324.8,293.6,287.5,160.3,489.2,657.5,855.8,620.3,266.4,270.5,978.6,640.6,479.7,837.4,376.7,625.1,591.4,1222,1083.5,1366.5,1425.5,1560.1,1733.6,1397.4,1754.9,1490.3,1341.1,2013.6,890.3,910.5,1279.9,2342.5,1564.7,1963.6,2130.7,3251.5,1523.2,0
1.5,0,0,0,0,0,0,8.1,57.7,85.6,121.9,166.3,141.8,316,150.6,144.9,121.7,234.9,311.5,281.1,268.5,148.7,465,608.9,827.9,581.8,252.8,255,939.2,628.5,468.3,823.4,368.4,617.8,574.8,1195.1,1061.4,1299,1412.7,1537.4,1703.8,1374.6,1718,1457.1,1325,1983.4,875.6,897.3,1252.7,2320.8,1535.2,1925,2092.4,3229.8,1507.4,0
1.5,0,0,0,0,0,0,0,40,78.5,100.6,148.2,125.9,300.6,136,132.6,116.4,213.9,297.6,268.1,249,136.6,440.2,559.8,799.4,542.7,238.8,238.9,899.2,615.9,456.4,809,359.6,610,557.6,1167.7,1038.8,1231.1,1399.3,1514.2,1673.5,1351.3,1680.7,1423.5,1308.3,1952.7,860.4,883.5,1224.9,2298.6,1505.3,1885.8,2053.6,3207.6,1491.1,0
1.5,0,0,0,0,0,0,0,23.7,73,82.3,132.6,111.4,280.2,123.7,122.6,110,198.1,285.8,253.7,233.6,128.2,416.1,515.1,767.4,510.1,228.1,226.8,858.9,600.5,446.2,787.9,348.2,594.5,544.1,1137.1,1014.2,1165.5,1377.9,1491,1646,1324.8,1642.4,1386.8,1288.6,1925.6,846.6,867.3,1200.6,2271.1,1477,1846.8,2016.6,3184.3,1476.9,0
1.5,0,0,0,0,0,0,0,9.6,69.6,69.4,120.7,99.2,252.3,114.5,115.9,101.9,190.2,277,237,224.2,125.4,393.2,477,730.1,487,222.5,220.6,817.9,580.9,438.4,756.9,332.9,567.5,536,1101.7,986.5,1103.5,1344.2,1467.5,1622.7,1293.3,1602.5,1345.4,1264.2,1903.8,834.7,847.3,1181.4,2235.7,1451.1,1808,1982.2,3159.1,1465.7,0
1.5,0,0,0,0,0,0,0,0,46.7,58.6,109.9,88.1,225.6,106.4,110.3,94.8,183.4,269.3,221.4,215.8,123.8,371.4,440.1,693.9,465.1,218,215.5,778,562.4,431.7,726.9,318.7,541.6,529.1,1067.3,959.9,1042.5,1311.7,1445.2,1600.5,1263,1563.7,1305.1,1240.8,1883,823.9,828.5,1163.2,2201.3,1426.3,1770.3,1948.9,3135.1,1455.7,0
1.5,0,0,0,0,0,0,0,0,0,43.9,100.3,78,199.9,99.5,105.8,88.8,177.7,262.7,207,208.6,123.2,350.7,404.2,658.7,444.2,214.6,211.5,739.2,544.9,426.1,698.1,305.6,516.9,523.2,1034,934.4,982.7,1280.3,1424,1579.4,1233.8,1526,1265.9,1218.6,1863.4,814.3,810.7,1146.2,2168,1402.6,1733.7,1916.8,3112.1,1446.8,0
1.5,0,0,0,0,0,0,0,0,0,30.5,88.9,66.3,172.6,90.8,99.6,81.1,170.2,254.4,190.8,199.7,120.9,328.2,366.7,621.9,421.7,209.5,205.8,698.7,525.8,418.8,667.5,290.8,490.4,515.7,999,907.1,921.2,1247.2,1401.1,1556.6,1202.9,1486.6,1225.1,1194.7,1842.1,802.9,791.2,1127.5,2133,1377.2,1695.4,1882.9,3087.5,1436.2,0
1.5,0,0,0,0,0,0,0,0,0,17.4,77.8,54.9,145.5,82.5,93.7,73.8,163.1,246.4,175,191.1,119,306.1,329.4,585.4,399.4,204.7,200.4,658.5,507,411.8,637.3,276.3,464.2,508.4,964.4,880.2,860,1214.3,1378.4,1534.1,1172.3,1447.5,1184.5,1171.1,1821.1,791.8,772,1109,2098.4,1352.2,1657.4,1849.3,3063.1,1425.8,0
3,0,0,0,0,0,0,0,0,0,0,57,7.8,108.7,64.3,78,56.6,146.2,228.7,149.3,172.7,107.2,274.2,282.4,539.1,367.4,190.1,185.2,608.5,478.4,394.9,597.2,251.9,428.2,491.4,919.9,843.5,788.9,1171.7,1346,1501.8,1131.9,1398.6,1134.1,1137.7,1790.2,771,743,1080.8,2053.9,1317.3,1609.7,1806,3029,1405.7,0
3,0,0,0,0,0,0,0,0,0,0,0,0,55.9,48.9,67.5,43.1,133.2,210.9,120,155.5,103.4,234.5,215.8,470.2,325.3,181.4,175.3,533.8,442.8,382.5,540.9,225.8,380.8,473.5,854.1,794,673.7,1108.6,1300.6,1452.7,1071.7,1323,1059.8,1090.3,1743.7,748.4,707.4,1044.1,1989.3,1270.1,1541.4,1740.6,2973.9,1385.2,0
3,0,0,0,0,0,0,0,0,0,0,0,0,0,30.5,27.7,26.8,117.3,169.9,94.7,127,88.6,213.2,189.6,416.8,288,166.8,160.3,485,408.7,369.1,500.5,207.2,354.8,422.4,800.4,761.9,593.9,1050.4,1242.4,1365.5,1007.2,1253,1018.4,1030.2,1656.5,711.9,678.3,997.8,1944.5,1231.1,1511.7,1675,2866.1,1354.1,0
3,0,0,0,0,0,0,0,0,0,0,0,0,0,0,0,10.2,101.3,128.8,69.3,98.3,73.7,191.7,163.2,363.2,250.5,152.1,145,436,374.5,355.5,459.8,188.3,328.6,371.1,746.5,729.7,513.9,992,1184,1278.1,942.4,1182.9,976.7,969.8,1569.1,675.2,648.9,951.2,1899.4,1192,1481.9,1609.3,2758.1,1322.7,0
3,0,0,0,0,0,0,0,0,0,0,0,0,0,0,0,0,46.8,87.5,43.8,69.6,58.7,170.2,136.8,309.5,212.8,137.2,129.7,386.9,340.1,341.8,419.1,169.4,302.3,319.7,692.5,697.3,433.8,933.6,1125.6,1190.7,877.6,1112.6,935,909.4,1481.7,638.4,619.5,904.6,1854.2,1152.7,1452,1543.5,2649.9,1291.3,0
3,0,0,0,0,0,0,0,0,0,0,0,0,0,0,0,0,0,47.5,19.5,42,44.9,149.8,111.5,257,176.4,123.6,115.5,339,306.9,329.3,379.5,151.6,277.1,269.5,639.6,666.1,354.9,876.3,1068.3,1104.4,813.9,1043.5,894.4,850.2,1395.4,602.8,591.3,859.1,1810.2,1114.6,1423.2,1478.8,2543,1261.1,0
3,0,0,0,0,0,0,0,0,0,0,0,0,0,0,0,0,0,0,0,15.3,32,130.3,87.1,205.4,140.8,110.8,102.3,291.9,274.7,317.7,340.9,134.8,252.9,220.2,587.7,635.8,276.9,820,1012,1019,751.2,975.4,854.8,791.9,1310,568.1,563.9,814.6,1767.1,1077.4,1395.4,1415.1,2437,1231.8,0
3,0,0,0,0,0,0,0,0,0,0,0,0,0,0,0,0,0,0,0,0,18.4,110.1,62,153.1,104.6,97.4,88.4,244.2,241.7,305.4,301.7,117.4,228.1,171.3,535.4,604.2,200.3,763.3,954.7,933.7,688.7,906.7,814.1,733.3,1224.1,532.7,535.7,769.3,1722.2,1038.5,1365.6,1351.2,2330.2,1201.7,0
3,0,0,0,0,0,0,0,0,0,0,0,0,0,0,0,0,0,0,0,0,0,88.1,35,98.9,66.5,82,72.5,194.6,206.9,291.2,265.9,103.1,204.4,152.8,491.1,554.3,183.8,716.4,888,867.2,652.9,842.7,761.6,687,1142.1,497.6,501.8,720.5,1643.1,967.4,1298.6,1302.2,2221.3,1165,0
3,0,0,0,0,0,0,0,0,0,0,0,0,0,0,0,0,0,0,0,0,0,68.3,10.3,7.8,30.6,69,59,147.3,174.3,279.3,232.5,91.1,183.1,136.7,449.1,506.7,169.5,671.7,823.7,803.1,619.5,780.9,711.3,642.9,1062.3,464.7,470.1,674.1,1566.3,898.5,1233.9,1255.5,2114.7,1130.7,0
3,0,0,0,0,0,0,0,0,0,0,0,0,0,0,0,0,0,0,0,0,0,0,0,0,0,0,47.4,102,143.7,269.4,201.1,81.1,163.8,122.6,409.1,461.1,157.2,629,761.4,741,588.1,721.1,663,600.8,984.5,433.8,440.4,629.7,1491.5,831.6,1171.2,1210.8,2010.1,1098.4,0
3,0,0,0,0,0,0,0,0,0,0,0,0,0,0,0,0,0,0,0,0,0,0,0,0,0,0,31.3,52.1,108.6,254.9,165,66.5,139.8,103.8,364.5,410.9,140.4,581.8,694.4,674.2,552,656.8,610.2,554.2,902.2,398.4,406.2,580.6,1412.1,760.2,1103.9,1161.5,1900.9,1061.4,0
3,0,0,0,0,0,0,0,0,0,0,0,0,0,0,0,0,0,0,0,0,0,0,0,0,0,0,0,4.8,76,243,131.6,54.5,118.5,87.7,322.5,363.3,126.1,537.1,630.1,610.1,518.6,595,559.9,510.1,822.4,365.5,374.5,534.2,1335.2,691.3,1039.1,1114.7,1794.2,1027.1,0
3,0,0,0,0,0,0,0,0,0,0,0,0,0,0,0,0,0,0,0,0,0,0,0,0,0,0,0,0,0,232,99,43.4,98,72.5,281.4,316.6,112.7,493.4,566.7,546.9,486,534.1,510.5,466.9,743.5,333.6,343.7,488.7,1259.3,623.4,975.3,1068.9,1688.5,993.7,0
3,0,0,0,0,0,0,0,0,0,0,0,0,0,0,0,0,0,0,0,0,0,0,0,0,0,0,0,0,0,219.8,65.3,31.1,76.4,56,239.1,268.7,98.2,448.4,502.1,482.4,452.3,472,460,422.6,663.4,300.4,311.7,442,1182.2,554.2,910.3,1021.9,1581.6,959.1,0
3,0,0,0,0,0,0,0,0,0,0,0,0,0,0,0,0,0,0,0,0,0,0,0,0,0,0,0,0,0,61.6,40.2,27.5,63.4,48.3,205.5,229.5,92.3,412.2,446.1,426.7,427.2,418.7,418.1,386.9,592.1,276,288.5,403.9,1113.8,493.8,854,983.6,1483.4,933.1,0
3,0,0,0,0,0,0,0,0,0,0,0,0,0,0,0,0,0,0,0,0,0,0,0,0,0,0,0,0,0,0,13.3,22,48.6,38.7,170,188.3,84.6,374,388.3,369.1,400.3,363.4,374.4,349.3,518.8,249.6,263.3,364,1043.5,431.4,795.7,943.3,1383.2,905.3,0
3,0,0,0,0,0,0,0,0,0,0,0,0,0,0,0,0,0,0,0,0,0,0,0,0,0,0,0,0,0,0,0,0,33.3,28.6,134.1,146.8,76.4,335.4,330.1,311,372.9,307.7,330.2,311.4,445.1,222.9,237.7,323.7,972.7,368.7,737.1,902.7,1282.7,877.1,0
3,0,0,0,0,0,0,0,0,0,0,0,0,0,0,0,0,0,0,0,0,0,0,0,0,0,0,0,0,0,0,0,0,0,0,49.9,100.2,63.1,291.8,266.7,247.9,340.5,247,280.9,279.2,400.2,204.8,218.7,298.9,905.9,340.1,689.1,852.2,1200.4,829.8,0
6,0,0,0,0,0,0,0,0,0,0,0,0,0,0,0,0,0,0,0,0,0,0,0,0,0,0,0,0,0,0,0,0,0,0,0,0,0,227.4,183.7,164.1,287.4,165.5,211,228,339.9,168.1,180.9,256.6,819.8,296.9,622.8,780.3,1100.9,759.7,0
6,0,0,0,0,0,0,0,0,0,0,0,0,0,0,0,0,0,0,0,0,0,0,0,0,0,0,0,0,0,0,0,0,0,0,0,0,0,149.7,0.4,47.4,98,53.5,122,176.7,270.2,145.8,156.2,223,698.6,261.6,541.3,687.5,953.1,670.4,0
6,0,0,0,0,0,0,0,0,0,0,0,0,0,0,0,0,0,0,0,0,0,0,0,0,0,0,0,0,0,0,0,0,0,0,0,0,0,0,0,0,0,0,21.6,113.8,189,111.9,120,177.9,565.8,214.7,448.2,583.2,793.7,569.6,0
6,0,0,0,0,0,0,0,0,0,0,0,0,0,0,0,0,0,0,0,0,0,0,0,0,0,0,0,0,0,0,0,0,0,0,0,0,0,0,0,0,0,0,0,31.3,88.1,58.5,64.1,113.2,413.5,148.2,335.6,459.3,614.7,449.3,0
6,0,0,0,0,0,0,0,0,0,0,0,0,0,0,0,0,0,0,0,0,0,0,0,0,0,0,0,0,0,0,0,0,0,0,0,0,0,0,0,0,0,0,0,0,0,0,0,70,282.7,103.2,244.4,356.9,457.2,350.4,0
6,0,0,0,0,0,0,0,0,0,0,0,0,0,0,0,0,0,0,0,0,0,0,0,0,0,0,0,0,0,0,0,0,0,0,0,0,0,0,0,0,0,0,0,0,0,0,0,0,48.4,48.3,143.2,244.5,350.1,278.7,0
6,0,0,0,0,0,0,0,0,0,0,0,0,0,0,0,0,0,0,0,0,0,0,0,0,0,0,0,0,0,0,0,0,0,0,0,0,0,0,0,0,0,0,0,0,0,0,0,0,0,0,43.8,133.8,253.9,214.3,0
6,0,0,0,0,0,0,0,0,0,0,0,0,0,0,0,0,0,0,0,0,0,0,0,0,0,0,0,0,0,0,0,0,0,0,0,0,0,0,0,0,0,0,0,0,0,0,0,0,0,0,0,4.4,215,201.9,0
6,0,0,0,0,0,0,0,0,0,0,0,0,0,0,0,0,0,0,0,0,0,0,0,0,0,0,0,0,0,0,0,0,0,0,0,0,0,0,0,0,0,0,0,0,0,0,0,0,0,0,0,0,214.1,201.8,0
6,0,0,0,0,0,0,0,0,0,0,0,0,0,0,0,0,0,0,0,0,0,0,0,0,0,0,0,0,0,0,0,0,0,0,0,0,0,0,0,0,0,0,0,0,0,0,0,0,0,0,0,0,67.8,126.3,0
6,0,0,0,0,0,0,0,0,0,0,0,0,0,0,0,0,0,0,0,0,0,0,0,0,0,0,0,0,0,0,0,0,0,0,0,0,0,0,0,0,0,0,0,0,0,0,0,0,0,0,0,0,0,0,0
