$10/1/1995-12/31/2016 Pit River (proportional estimate),
,
JDAY,QIN
16710,0.0
16711,91.36
16712,66.25
16713,60.24
16714,74.01
16715,77.9
16716,45.92
16717,56.02
16718,90.96
16719,61.93
16720,84.49
16721,84.67
16722,72.48
16723,62.16
16724,61.32
16725,66.71
16726,84.53
16727,67.77
16728,60.34
16729,74.52
16730,70.42
16731,65.82
16732,77.6
16733,62.99
16734,74.14
16735,72.86
16736,67.04
16737,98.27
16738,67.14
16739,90.19
16740,66.86
16741,81.3
16742,70.98
16743,73.84
16744,54.99
16745,48.26
16746,67.63
16747,73.61
16748,75.01
16749,0.0
16750,77.43
16751,71.4
16752,59.98
16753,59.73
16754,67.44
16755,70.77
16756,62.72
16757,69.53
16758,61.88
16759,56.72
16760,77.08
16761,64.25
16762,79.44
16763,44.62
16764,76.26
16765,57.31
16766,47.16
16767,66.39
16768,62.12
16769,45.38
16770,60.83
16771,80.81
16772,65.1
16773,76.89
16774,85.17
16775,81.67
16776,94.99
16777,76.21
16778,80.05
16779,92.44
16780,119.64
16781,223.71
16782,505.78
16783,247.22
16784,241.9
16785,449.99
16786,251.07
16787,180.32
16788,146.96
16789,96.61
16790,116.08
16791,129.58
16792,94.73
16793,103.78
16794,100.62
16795,84.32
16796,84.93
16797,83.86
16798,69.79
16799,124.65
16800,108.52
16801,105.26
16802,113.82
16803,119.97
16804,101.32
16805,86.74
16806,99.66
16807,72.3
16808,94.53
16809,82.38
16810,106.22
16811,117.6
16812,89.51
16813,134.9
16814,112.25
16815,94.8
16816,112.58
16817,244.74
16818,257.14
16819,234.38
16820,147.47
16821,256.27
16822,250.6
16823,185.18
16824,170.8
16825,232.08
16826,243.99
16827,191.79
16828,224.71
16829,206.98
16830,195.14
16831,161.7
16832,137.84
16833,186.54
16834,160.39
16835,196.64
16836,444.88
16837,812.33
16838,560.36
16839,531.81
16840,448.8
16841,398.15
16842,374.41
16843,327.35
16844,297.4
16845,275.95
16846,240.1
16847,227.25
16848,253.96
16849,687.22
16850,907.76
16851,995.61
16852,1073.01
16853,1200.99
16854,765.34
16855,604.14
16856,508.83
16857,397.68
16858,371.16
16859,329.63
16860,357.3
16861,424.95
16862,351.74
16863,326.88
16864,329.79
16865,557.11
16866,543.62
16867,447.11
16868,399.15
16869,340.23
16870,342.12
16871,344.05
16872,431.19
16873,402.5
16874,361.38
16875,342.69
16876,299.17
16877,0.0
16878,268.21
16879,239.95
16880,248.11
16881,239.65
16882,209.8
16883,198.62
16884,221.92
16885,215.12
16886,188.69
16887,166.65
16888,211.16
16889,179.22
16890,171.98
16891,179.01
16892,181.21
16893,263.75
16894,235.41
16895,219.7
16896,217.73
16897,211.51
16898,209.97
16899,180.11
16900,192.05
16901,202.01
16902,181.26
16903,168.86
16904,181.76
16905,170.99
16906,194.84
16907,205.16
16908,215.41
16909,203.44
16910,189.71
16911,209.02
16912,200.35
16913,192.42
16914,191.27
16915,181.75
16916,256.06
16917,210.58
16918,209.4
16919,180.65
16920,198.48
16921,175.57
16922,185.93
16923,174.58
16924,156.8
16925,169.19
16926,162.2
16927,151.32
16928,139.68
16929,145.36
16930,144.73
16931,137.76
16932,141.56
16933,133.05
16934,133.03
16935,132.54
16936,124.04
16937,135.7
16938,292.37
16939,607.1
16940,674.65
16941,426.7
16942,311.07
16943,344.73
16944,297.27
16945,262.12
16946,251.56
16947,255.95
16948,215.95
16949,210.04
16950,213.51
16951,207.8
16952,177.2
16953,0.0
16954,171.7
16955,155.09
16956,154.55
16957,153.73
16958,134.88
16959,191.7
16960,140.74
16961,103.51
16962,85.59
16963,96.94
16964,134.3
16965,130.16
16966,106.79
16967,118.09
16968,142.39
16969,103.24
16970,101.93
16971,86.24
16972,80.24
16973,86.86
16974,126.86
16975,59.04
16976,94.38
16977,79.19
16978,95.04
16979,100.2
16980,104.3
16981,86.2
16982,83.03
16983,61.2
16984,54.9
16985,108.83
16986,86.97
16987,96.73
16988,84.11
16989,78.48
16990,75.11
16991,73.12
16992,95.58
16993,99.82
16994,88.89
16995,62.82
16996,78.53
16997,40.19
16998,60.19
16999,76.35
17000,86.64
17001,98.23
17002,55.62
17003,84.96
17004,47.28
17005,62.82
17006,85.8
17007,85.89
17008,59.72
17009,89.22
17010,43.41
17011,41.48
17012,79.33
17013,78.77
17014,74.62
17015,79.26
17016,73.4
17017,46.29
17018,61.58
17019,77.76
17020,86.57
17021,75.41
17022,95.2
17023,97.9
17024,86.93
17025,26.43
17026,74.62
17027,80.13
17028,75.84
17029,66.88
17030,66.31
17031,52.93
17032,47.41
17033,94.1
17034,73.23
17035,109.83
17036,74.97
17037,91.31
17038,44.53
17039,57.5
17040,77.54
17041,85.43
17042,71.69
17043,80.36
17044,84.18
17045,54.35
17046,44.44
17047,59.09
17048,81.18
17049,78.56
17050,78.69
17051,79.73
17052,57.03
17053,58.58
17054,62.47
17055,66.53
17056,68.83
17057,65.26
17058,95.81
17059,94.76
17060,46.85
17061,72.44
17062,64.27
17063,65.92
17064,76.56
17065,85.52
17066,59.59
17067,49.76
17068,88.22
17069,75.74
17070,78.81
17071,76.31
17072,73.72
17073,47.95
17074,41.64
17075,65.24
17076,86.43
17077,81.65
17078,78.84
17079,93.68
17080,60.4
17081,78.27
17082,75.43
17083,72.08
17084,64.25
17085,83.17
17086,84.56
17087,70.13
17088,50.28
17089,60.43
17090,70.54
17091,77.38
17092,74.07
17093,70.65
17094,74.26
17095,56.82
17096,48.42
17097,79.71
17098,73.63
17099,72.81
17100,47.2
17101,62.72
17102,77.08
17103,62.63
17104,121.05
17105,64.08
17106,62.47
17107,76.96
17108,72.04
17109,66.17
17110,65.7
17111,77.4
17112,66.36
17113,74.83
17114,0.0
17115,74.38
17116,61.53
17117,67.11
17118,62.19
17119,77.22
17120,76.44
17121,80.19
17122,80.99
17123,95.11
17124,268.56
17125,355.11
17126,248.82
17127,196.78
17128,256.13
17129,182.72
17130,142.97
17131,123.15
17132,103.29
17133,95.44
17134,100.03
17135,98.11
17136,88.69
17137,88.19
17138,71.33
17139,110.68
17140,197.75
17141,152.73
17142,128.48
17143,292.17
17144,519.14
17145,1138.64
17146,1093.22
17147,585.06
17148,503.24
17149,488.73
17150,354.83
17151,280.34
17152,253.62
17153,219.34
17154,193.46
17155,171.37
17156,196.41
17157,183.61
17158,163.4
17159,189.8
17160,160.42
17161,168.43
17162,201.83
17163,283.17
17164,655.95
17165,1322.74
17166,1740.72
17167,2847.1
17168,3752.9
17169,2080.81
17170,1229.46
17171,989.96
17172,762.83
17173,616.93
17174,510.44
17175,366.61
17176,377.95
17177,324.37
17178,288.73
17179,268.56
17180,222.53
17181,203.37
17182,155.99
17183,175.49
17184,158.61
17185,186.86
17186,172.78
17187,178.7
17188,264.88
17189,293.02
17190,248.73
17191,246.69
17192,308.75
17193,892.78
17194,639.57
17195,622.72
17196,505.33
17197,459.91
17198,429.87
17199,404.62
17200,379.95
17201,359.48
17202,356.69
17203,307.86
17204,281.74
17205,264.04
17206,238.17
17207,234.45
17208,218.5
17209,215.89
17210,207.15
17211,206.4
17212,204.62
17213,201.07
17214,199.67
17215,185.56
17216,156.57
17217,194.53
17218,182.64
17219,191.21
17220,154.08
17221,155.23
17222,141.49
17223,167.12
17224,145.81
17225,155.66
17226,143.01
17227,151.62
17228,169.4
17229,144.57
17230,137.51
17231,147.77
17232,147.8
17233,138.25
17234,149.16
17235,107.99
17236,124.49
17237,130.73
17238,125.78
17239,125.12
17240,133.35
17241,142.74
17242,164.89
17243,167.55
17244,131.06
17245,151.13
17246,140.76
17247,166.58
17248,151.01
17249,147.02
17250,131.64
17251,148.95
17252,149.42
17253,139.69
17254,137.06
17255,152.7
17256,135.63
17257,122.95
17258,143.27
17259,121.32
17260,129.7
17261,124.79
17262,129.81
17263,119.82
17264,121.73
17265,128.74
17266,122.8
17267,131.76
17268,105.66
17269,94.48
17270,108.26
17271,103.36
17272,107.33
17273,126.69
17274,102.1
17275,161.64
17276,108.4
17277,160.88
17278,168.37
17279,183.96
17280,184.9
17281,152.39
17282,168.34
17283,150.22
17284,139.33
17285,164.15
17286,126.58
17287,126.69
17288,125.27
17289,127.02
17290,114.59
17291,130.61
17292,126.46
17293,127.63
17294,122.75
17295,115.58
17296,102.69
17297,74.26
17298,72.85
17299,89.64
17300,116.31
17301,94.06
17302,93.38
17303,96.0
17304,68.97
17305,46.43
17306,95.79
17307,96.4
17308,99.78
17309,73.4
17310,140.72
17311,129.98
17312,84.18
17313,96.66
17314,85.26
17315,79.05
17316,80.8
17317,89.44
17318,84.18
17319,85.22
17320,82.0
17321,125.38
17322,99.52
17323,78.41
17324,86.1
17325,88.54
17326,83.92
17327,83.41
17328,93.33
17329,77.76
17330,87.39
17331,91.81
17332,107.26
17333,52.27
17334,60.4
17335,84.3
17336,84.16
17337,83.38
17338,82.54
17339,84.68
17340,71.49
17341,50.91
17342,77.47
17343,79.82
17344,77.8
17345,76.98
17346,47.98
17347,40.62
17348,90.49
17349,76.77
17350,75.41
17351,98.48
17352,69.1
17353,44.86
17354,22.04
17355,86.79
17356,77.38
17357,80.59
17358,64.21
17359,83.25
17360,36.86
17361,58.01
17362,78.46
17363,74.83
17364,74.73
17365,74.87
17366,76.65
17367,44.72
17368,47.7
17369,87.73
17370,71.05
17371,74.95
17372,70.54
17373,77.6
17374,46.74
17375,42.46
17376,72.78
17377,69.76
17378,83.36
17379,80.1
17380,84.02
17381,66.15
17382,29.31
17383,79.96
17384,73.63
17385,66.25
17386,60.38
17387,66.53
17388,51.1
17389,45.75
17390,77.47
17391,93.0
17392,67.0
17393,75.67
17394,81.0
17395,53.88
17396,46.19
17397,75.41
17398,78.86
17399,98.65
17400,81.65
17401,83.86
17402,57.35
17403,40.55
17404,78.06
17405,77.94
17406,83.31
17407,79.64
17408,80.08
17409,51.33
17410,47.51
17411,70.93
17412,68.14
17413,108.66
17414,130.02
17415,120.36
17416,49.64
17417,26.5
17418,53.54
17419,83.18
17420,87.3
17421,104.8
17422,77.71
17423,30.32
17424,57.9
17425,86.03
17426,95.41
17427,85.17
17428,62.96
17429,88.82
17430,42.98
17431,54.19
17432,67.28
17433,81.51
17434,72.88
17435,58.41
17436,84.7
17437,53.11
17438,57.73
17439,31.1
17440,66.62
17441,76.11
17442,60.41
17443,72.22
17444,69.11
17445,45.42
17446,90.45
17447,75.6
17448,104.94
17449,74.08
17450,96.17
17451,59.11
17452,62.58
17453,66.66
17454,79.8
17455,72.48
17456,68.63
17457,109.63
17458,86.72
17459,74.12
17460,110.54
17461,72.95
17462,78.35
17463,141.47
17464,111.59
17465,14.33
17466,17.92
17467,47.41
17468,75.09
17469,87.58
17470,78.04
17471,67.27
17472,61.25
17473,65.94
17474,90.51
17475,71.62
17476,70.56
17477,59.66
17478,72.25
17479,90.02
17480,68.14
17481,81.49
17482,90.54
17483,70.94
17484,102.66
17485,98.02
17486,127.38
17487,202.13
17488,144.77
17489,123.09
17490,266.81
17491,198.54
17492,114.53
17493,117.81
17494,132.98
17495,182.11
17496,198.82
17497,263.73
17498,213.11
17499,151.76
17500,159.25
17501,151.6
17502,118.18
17503,109.74
17504,138.59
17505,127.85
17506,133.24
17507,109.46
17508,228.53
17509,189.0
17510,149.65
17511,125.13
17512,101.98
17513,106.81
17514,128.99
17515,157.2
17516,148.81
17517,114.15
17518,156.94
17519,116.14
17520,0.0
17521,118.94
17522,110.47
17523,115.54
17524,99.85
17525,116.89
17526,98.25
17527,90.59
17528,74.76
17529,87.3
17530,101.06
17531,90.8
17532,107.94
17533,121.47
17534,227.38
17535,343.46
17536,351.06
17537,240.49
17538,226.71
17539,204.24
17540,184.27
17541,184.31
17542,157.2
17543,322.38
17544,625.95
17545,519.61
17546,673.51
17547,676.42
17548,620.23
17549,861.64
17550,932.38
17551,851.72
17552,625.6
17553,470.15
17554,394.95
17555,332.89
17556,311.68
17557,311.85
17558,485.49
17559,586.2
17560,442.16
17561,617.61
17562,519.37
17563,450.37
17564,718.09
17565,770.49
17566,1351.37
17567,958.44
17568,1040.37
17569,1192.15
17570,1328.94
17571,1064.85
17572,691.84
17573,541.26
17574,452.43
17575,483.34
17576,569.89
17577,729.57
17578,582.45
17579,504.81
17580,464.86
17581,413.57
17582,724.91
17583,570.45
17584,750.37
17585,565.03
17586,502.33
17587,474.14
17588,401.96
17589,330.85
17590,297.5
17591,284.93
17592,287.09
17593,286.15
17594,303.46
17595,310.58
17596,290.42
17597,275.39
17598,258.57
17599,248.44
17600,233.34
17601,218.15
17602,227.58
17603,198.21
17604,266.92
17605,255.59
17606,279.49
17607,299.87
17608,300.53
17609,278.65
17610,273.3
17611,271.87
17612,314.92
17613,654.58
17614,1124.83
17615,1040.34
17616,618.33
17617,510.23
17618,434.46
17619,391.36
17620,363.79
17621,320.34
17622,334.93
17623,306.48
17624,330.99
17625,351.06
17626,331.53
17627,331.52
17628,324.59
17629,299.07
17630,313.35
17631,320.2
17632,341.65
17633,363.72
17634,339.33
17635,330.1
17636,311.57
17637,295.51
17638,276.25
17639,242.61
17640,256.3
17641,241.27
17642,245.58
17643,251.61
17644,259.46
17645,264.72
17646,257.78
17647,239.56
17648,241.57
17649,255.59
17650,258.88
17651,270.44
17652,273.96
17653,291.22
17654,285.0
17655,283.46
17656,261.74
17657,250.62
17658,252.92
17659,264.2
17660,308.03
17661,307.94
17662,304.6
17663,324.12
17664,330.23
17665,316.21
17666,334.95
17667,345.26
17668,380.79
17669,359.73
17670,341.23
17671,357.51
17672,312.25
17673,305.49
17674,288.68
17675,275.11
17676,284.2
17677,309.93
17678,318.58
17679,333.1
17680,459.56
17681,555.93
17682,470.09
17683,406.63
17684,355.12
17685,354.04
17686,369.44
17687,326.55
17688,319.71
17689,308.76
17690,298.7
17691,284.51
17692,291.89
17693,307.14
17694,308.21
17695,326.76
17696,322.89
17697,305.33
17698,380.89
17699,306.58
17700,269.92
17701,288.61
17702,256.6
17703,247.43
17704,223.84
17705,232.27
17706,221.05
17707,219.39
17708,206.8
17709,193.06
17710,222.49
17711,172.02
17712,168.3
17713,176.12
17714,184.69
17715,169.65
17716,134.44
17717,158.1
17718,142.53
17719,158.73
17720,148.95
17721,135.02
17722,127.59
17723,127.7
17724,127.44
17725,121.98
17726,112.82
17727,118.32
17728,124.45
17729,101.32
17730,112.91
17731,109.88
17732,114.27
17733,107.09
17734,106.91
17735,119.03
17736,109.2
17737,128.99
17738,0.0
17739,107.45
17740,90.68
17741,101.89
17742,92.3
17743,101.26
17744,74.5
17745,91.88
17746,68.03
17747,114.86
17748,108.5
17749,110.56
17750,90.21
17751,108.1
17752,82.85
17753,92.46
17754,89.81
17755,97.25
17756,99.96
17757,95.56
17758,102.29
17759,93.68
17760,78.72
17761,60.69
17762,83.97
17763,75.97
17764,90.33
17765,110.44
17766,101.91
17767,81.7
17768,94.31
17769,65.16
17770,89.09
17771,68.78
17772,90.58
17773,100.67
17774,71.03
17775,78.42
17776,97.66
17777,90.49
17778,102.68
17779,81.07
17780,88.82
17781,79.73
17782,97.48
17783,85.35
17784,96.28
17785,89.88
17786,92.32
17787,86.1
17788,83.52
17789,91.48
17790,94.29
17791,97.67
17792,93.38
17793,86.17
17794,56.07
17795,62.45
17796,106.34
17797,112.34
17798,113.14
17799,129.75
17800,88.82
17801,18.97
17802,30.77
17803,60.24
17804,101.58
17805,104.26
17806,137.06
17807,98.42
17808,34.09
17809,30.08
17810,88.73
17811,95.51
17812,115.14
17813,126.16
17814,128.87
17815,14.28
17816,23.96
17817,67.77
17818,57.76
17819,95.89
17820,100.72
17821,88.69
17822,99.26
17823,98.88
17824,101.02
17825,97.36
17826,89.86
17827,91.15
17828,105.43
17829,123.27
17830,79.19
17831,108.66
17832,105.85
17833,92.74
17834,99.59
17835,100.74
17836,131.17
17837,109.32
17838,64.3
17839,67.86
17840,84.63
17841,90.47
17842,112.3
17843,187.8
17844,113.43
17845,113.56
17846,148.95
17847,120.83
17848,93.66
17849,84.77
17850,78.25
17851,79.94
17852,94.48
17853,127.47
17854,93.4
17855,81.51
17856,115.21
17857,194.98
17858,146.61
17859,450.88
17860,274.4
17861,227.53
17862,252.92
17863,240.5
17864,208.04
17865,271.66
17866,674.19
17867,530.59
17868,447.99
17869,593.83
17870,382.6
17871,527.46
17872,100.97
17873,227.86
17874,179.46
17875,179.85
17876,138.23
17877,171.7
17878,164.94
17879,164.8
17880,170.13
17881,144.45
17882,176.53
17883,171.15
17884,148.55
17885,114.79
17886,127.35
17887,151.93
17888,137.53
17889,134.78
17890,116.96
17891,132.07
17892,129.18
17893,121.0
17894,123.77
17895,101.81
17896,98.88
17897,83.2
17898,97.12
17899,94.41
17900,131.52
17901,88.22
17902,99.75
17903,123.44
17904,137.86
17905,114.92
17906,104.18
17907,82.17
17908,94.34
17909,87.12
17910,97.92
17911,105.97
17912,112.11
17913,105.05
17914,220.47
17915,337.65
17916,362.81
17917,453.63
17918,369.19
17919,440.64
17920,513.42
17921,359.81
17922,286.71
17923,265.4
17924,229.36
17925,206.68
17926,208.28
17927,191.98
17928,173.95
17929,156.22
17930,165.67
17931,138.51
17932,145.74
17933,183.46
17934,378.19
17935,701.15
17936,451.56
17937,735.25
17938,488.3
17939,386.94
17940,348.92
17941,304.68
17942,301.16
17943,267.23
17944,324.82
17945,332.68
17946,369.61
17947,345.17
17948,387.94
17949,392.65
17950,356.43
17951,391.27
17952,387.12
17953,516.3
17954,421.73
17955,374.11
17956,530.37
17957,520.69
17958,465.49
17959,451.77
17960,429.78
17961,370.69
17962,362.33
17963,328.24
17964,356.92
17965,320.55
17966,248.51
17967,281.48
17968,272.55
17969,254.35
17970,236.34
17971,240.42
17972,233.77
17973,227.64
17974,224.31
17975,224.55
17976,234.56
17977,242.28
17978,222.68
17979,223.8
17980,393.76
17981,457.26
17982,340.29
17983,312.18
17984,286.6
17985,250.29
17986,264.08
17987,247.77
17988,222.28
17989,234.54
17990,221.57
17991,195.33
17992,237.28
17993,199.34
17994,209.43
17995,295.08
17996,248.05
17997,277.97
17998,239.63
17999,245.72
18000,234.04
18001,204.6
18002,226.8
18003,229.47
18004,230.39
18005,228.44
18006,242.14
18007,260.78
18008,234.42
18009,229.59
18010,213.72
18011,258.93
18012,222.09
18013,234.16
18014,215.82
18015,201.0
18016,191.56
18017,206.52
18018,203.8
18019,234.51
18020,211.25
18021,203.26
18022,198.31
18023,201.08
18024,208.28
18025,192.09
18026,171.56
18027,178.96
18028,174.34
18029,168.76
18030,169.4
18031,172.94
18032,153.71
18033,163.39
18034,162.41
18035,143.74
18036,155.56
18037,172.12
18038,182.06
18039,131.52
18040,180.06
18041,157.16
18042,177.93
18043,168.22
18044,153.4
18045,153.61
18046,173.53
18047,135.16
18048,144.52
18049,147.61
18050,139.81
18051,133.94
18052,137.11
18053,151.32
18054,137.88
18055,124.09
18056,127.31
18057,116.83
18058,125.03
18059,129.91
18060,119.35
18061,108.97
18062,119.5
18063,132.3
18064,104.68
18065,114.48
18066,123.63
18067,76.35
18068,93.49
18069,92.43
18070,105.64
18071,101.96
18072,103.65
18073,102.08
18074,80.36
18075,82.99
18076,109.9
18077,88.33
18078,102.03
18079,85.63
18080,96.35
18081,66.2
18082,90.05
18083,93.72
18084,77.15
18085,79.16
18086,84.93
18087,0.0
18088,107.16
18089,99.29
18090,109.56
18091,91.15
18092,69.45
18093,93.52
18094,68.78
18095,53.53
18096,86.17
18097,60.0
18098,92.91
18099,99.84
18100,103.22
18101,74.48
18102,54.61
18103,61.77
18104,100.24
18105,94.57
18106,101.63
18107,102.21
18108,92.48
18109,46.4
18110,67.61
18111,96.23
18112,86.86
18113,68.22
18114,73.42
18115,0.0
18116,46.54
18117,68.12
18118,95.89
18119,91.97
18120,80.81
18121,85.1
18122,79.3
18123,53.0
18124,89.97
18125,100.36
18126,89.98
18127,70.96
18128,81.34
18129,94.66
18130,62.23
18131,89.86
18132,87.75
18133,82.16
18134,70.56
18135,70.58
18136,83.27
18137,57.48
18138,35.83
18139,65.49
18140,58.23
18141,72.2
18142,70.23
18143,75.23
18144,81.77
18145,98.54
18146,83.52
18147,84.07
18148,80.81
18149,79.64
18150,75.86
18151,72.04
18152,57.9
18153,83.52
18154,80.13
18155,82.59
18156,68.17
18157,71.78
18158,56.02
18159,54.45
18160,64.46
18161,98.95
18162,105.66
18163,75.09
18164,81.41
18165,84.58
18166,81.68
18167,68.89
18168,76.28
18169,85.99
18170,84.14
18171,70.0
18172,42.79
18173,35.25
18174,76.45
18175,73.87
18176,93.68
18177,75.04
18178,78.9
18179,86.01
18180,73.59
18181,86.76
18182,61.93
18183,65.71
18184,44.29
18185,67.32
18186,81.75
18187,137.83
18188,75.53
18189,56.05
18190,67.14
18191,78.08
18192,82.35
18193,83.41
18194,78.32
18195,86.92
18196,79.19
18197,92.74
18198,147.17
18199,113.96
18200,133.4
18201,121.63
18202,90.25
18203,91.62
18204,72.95
18205,72.2
18206,62.21
18207,50.53
18208,55.13
18209,81.07
18210,84.34
18211,161.26
18212,128.41
18213,98.74
18214,101.28
18215,82.47
18216,114.92
18217,99.64
18218,104.02
18219,96.33
18220,128.43
18221,121.93
18222,93.96
18223,91.12
18224,88.75
18225,87.75
18226,91.4
18227,87.47
18228,92.98
18229,87.39
18230,127.42
18231,152.87
18232,126.06
18233,130.07
18234,110.05
18235,98.89
18236,111.78
18237,110.07
18238,107.7
18239,105.1
18240,110.05
18241,84.79
18242,93.44
18243,89.25
18244,102.47
18245,100.2
18246,100.79
18247,92.76
18248,100.95
18249,88.08
18250,73.25
18251,82.24
18252,82.99
18253,78.91
18254,74.64
18255,80.66
18256,72.64
18257,87.35
18258,82.1
18259,92.91
18260,81.28
18261,87.37
18262,66.78
18263,71.8
18264,89.23
18265,80.97
18266,92.04
18267,73.42
18268,82.12
18269,96.12
18270,75.63
18271,68.73
18272,106.09
18273,209.35
18274,131.85
18275,166.18
18276,332.96
18277,0.0
18278,578.87
18279,333.1
18280,278.58
18281,323.58
18282,439.74
18283,329.37
18284,277.0
18285,308.07
18286,398.28
18287,389.84
18288,309.97
18289,254.64
18290,222.84
18291,214.02
18292,258.88
18293,262.07
18294,243.36
18295,246.08
18296,230.97
18297,219.02
18298,335.95
18299,395.71
18300,294.48
18301,263.5
18302,220.56
18303,256.2
18304,396.18
18305,613.64
18306,867.64
18307,1278.57
18308,696.11
18309,519.33
18310,409.71
18311,361.21
18312,285.98
18313,295.34
18314,296.68
18315,508.43
18316,565.22
18317,421.45
18318,365.22
18319,647.13
18320,949.6
18321,698.41
18322,712.79
18323,561.47
18324,475.64
18325,374.36
18326,373.87
18327,416.64
18328,379.39
18329,390.48
18330,437.16
18331,473.69
18332,424.13
18333,438.2
18334,388.39
18335,346.08
18336,329.96
18337,292.36
18338,281.27
18339,282.35
18340,252.29
18341,240.17
18342,237.7
18343,224.32
18344,212.52
18345,205.44
18346,208.61
18347,207.05
18348,194.35
18349,182.5
18350,209.19
18351,179.51
18352,177.7
18353,196.97
18354,204.71
18355,198.22
18356,161.12
18357,155.65
18358,177.2
18359,180.67
18360,178.19
18361,172.99
18362,162.64
18363,142.13
18364,172.82
18365,180.06
18366,297.78
18367,274.0
18368,246.22
18369,320.78
18370,486.5
18371,342.31
18372,309.03
18373,250.6
18374,256.21
18375,217.51
18376,213.41
18377,214.3
18378,220.52
18379,195.07
18380,179.13
18381,197.18
18382,190.08
18383,202.88
18384,207.86
18385,147.0
18386,133.29
18387,120.86
18388,123.77
18389,127.38
18390,160.07
18391,135.04
18392,127.16
18393,169.89
18394,129.84
18395,140.44
18396,145.69
18397,153.95
18398,140.97
18399,125.55
18400,156.12
18401,123.11
18402,175.12
18403,146.02
18404,125.64
18405,132.53
18406,150.52
18407,170.43
18408,166.7
18409,144.66
18410,154.93
18411,149.84
18412,94.74
18413,107.79
18414,65.28
18415,101.84
18416,121.23
18417,99.09
18418,102.1
18419,109.11
18420,68.75
18421,146.51
18422,106.91
18423,104.86
18424,87.16
18425,82.91
18426,104.25
18427,109.67
18428,120.36
18429,127.35
18430,127.05
18431,75.77
18432,108.17
18433,100.22
18434,107.94
18435,105.07
18436,86.48
18437,87.14
18438,63.6
18439,79.59
18440,112.58
18441,115.81
18442,103.65
18443,89.51
18444,119.26
18445,96.5
18446,81.72
18447,77.54
18448,28.61
18449,66.06
18450,93.02
18451,92.41
18452,58.16
18453,77.38
18454,95.18
18455,80.39
18456,104.16
18457,94.87
18458,83.22
18459,38.34
18460,31.77
18461,90.66
18462,91.61
18463,97.06
18464,88.92
18465,86.36
18466,61.39
18467,54.49
18468,76.51
18469,88.55
18470,89.27
18471,81.18
18472,100.92
18473,101.51
18474,83.71
18475,110.61
18476,101.35
18477,101.98
18478,109.27
18479,87.65
18480,26.22
18481,30.62
18482,97.73
18483,81.93
18484,85.15
18485,88.75
18486,85.83
18487,55.08
18488,36.27
18489,74.34
18490,68.85
18491,93.52
18492,78.56
18493,74.73
18494,86.03
18495,62.78
18496,87.14
18497,72.39
18498,76.26
18499,76.3
18500,83.59
18501,40.54
18502,59.87
18503,62.98
18504,62.07
18505,68.9
18506,68.28
18507,122.45
18508,73.25
18509,77.97
18510,83.85
18511,87.35
18512,95.01
18513,101.47
18514,92.7
18515,40.38
18516,48.03
18517,53.07
18518,71.57
18519,107.44
18520,86.46
18521,85.76
18522,61.13
18523,38.46
18524,92.02
18525,95.08
18526,81.88
18527,79.28
18528,96.99
18529,74.57
18530,79.37
18531,73.77
18532,64.39
18533,64.72
18534,61.18
18535,78.51
18536,76.75
18537,56.87
18538,66.13
18539,77.36
18540,64.01
18541,85.45
18542,74.31
18543,76.87
18544,60.74
18545,78.46
18546,110.38
18547,101.84
18548,93.11
18549,107.91
18550,51.94
18551,68.26
18552,99.66
18553,89.01
18554,65.68
18555,82.21
18556,66.71
18557,75.6
18558,75.22
18559,69.6
18560,64.16
18561,73.82
18562,75.29
18563,89.3
18564,116.87
18565,112.42
18566,127.75
18567,100.65
18568,98.61
18569,36.09
18570,62.24
18571,72.5
18572,102.59
18573,84.81
18574,91.12
18575,88.71
18576,88.66
18577,85.24
18578,59.25
18579,76.0
18580,88.78
18581,87.73
18582,97.25
18583,112.11
18584,74.82
18585,59.25
18586,81.6
18587,73.86
18588,81.35
18589,80.06
18590,54.83
18591,63.87
18592,71.08
18593,43.59
18594,70.89
18595,79.38
18596,105.4
18597,94.53
18598,100.67
18599,85.97
18600,91.1
18601,91.34
18602,100.08
18603,92.74
18604,97.76
18605,68.31
18606,53.77
18607,47.04
18608,104.72
18609,92.36
18610,143.14
18611,141.58
18612,131.74
18613,81.93
18614,80.55
18615,87.89
18616,104.23
18617,107.44
18618,84.27
18619,107.14
18620,68.38
18621,43.99
18622,41.22
18623,71.42
18624,87.47
18625,93.89
18626,108.06
18627,79.21
18628,61.9
18629,63.06
18630,69.58
18631,79.38
18632,81.16
18633,82.45
18634,66.32
18635,40.29
18636,112.42
18637,105.17
18638,170.13
18639,162.38
18640,118.06
18641,85.96
18642,96.57
18643,89.97
18644,89.72
18645,96.47
18646,85.29
18647,98.27
18648,77.15
18649,57.78
18650,75.32
18651,98.95
18652,118.8
18653,142.6
18654,138.04
18655,89.44
18656,72.13
18657,109.83
18658,107.86
18659,88.85
18660,109.16
18661,95.69
18662,42.35
18663,52.38
18664,103.36
18665,95.06
18666,97.99
18667,99.14
18668,142.34
18669,97.15
18670,123.39
18671,122.97
18672,108.85
18673,128.78
18674,103.93
18675,95.3
18676,107.25
18677,173.22
18678,224.99
18679,403.68
18680,597.83
18681,434.47
18682,282.54
18683,254.12
18684,241.92
18685,222.2
18686,186.24
18687,165.88
18688,155.31
18689,187.22
18690,136.85
18691,313.16
18692,428.18
18693,274.4
18694,232.33
18695,237.14
18696,226.4
18697,192.45
18698,155.56
18699,141.0
18700,155.23
18701,143.13
18702,150.83
18703,129.58
18704,130.75
18705,120.1
18706,148.58
18707,173.94
18708,147.57
18709,168.44
18710,214.61
18711,144.33
18712,161.78
18713,190.95
18714,161.43
18715,151.62
18716,163.2
18717,164.4
18718,169.3
18719,122.13
18720,138.25
18721,140.63
18722,143.23
18723,124.11
18724,167.83
18725,133.71
18726,123.16
18727,109.48
18728,106.76
18729,104.79
18730,126.3
18731,125.69
18732,103.13
18733,112.14
18734,121.33
18735,119.71
18736,150.68
18737,133.43
18738,146.14
18739,105.82
18740,94.71
18741,106.9
18742,117.58
18743,107.93
18744,126.2
18745,115.58
18746,126.67
18747,130.54
18748,136.97
18749,121.72
18750,102.43
18751,125.17
18752,132.91
18753,100.95
18754,95.41
18755,123.97
18756,118.84
18757,126.7
18758,136.15
18759,107.68
18760,77.92
18761,94.57
18762,121.63
18763,113.09
18764,110.3
18765,121.75
18766,117.78
18767,88.8
18768,70.94
18769,114.97
18770,117.51
18771,212.64
18772,101.37
18773,85.45
18774,56.96
18775,57.73
18776,61.34
18777,82.43
18778,86.86
18779,81.25
18780,78.62
18781,53.86
18782,43.5
18783,76.3
18784,98.54
18785,80.87
18786,77.66
18787,99.9
18788,41.48
18789,40.57
18790,89.81
18791,90.7
18792,76.38
18793,81.55
18794,85.21
18795,60.05
18796,45.37
18797,93.21
18798,84.25
18799,84.04
18800,87.93
18801,88.82
18802,43.88
18803,50.42
18804,79.17
18805,95.77
18806,127.68
18807,98.18
18808,86.1
18809,51.33
18810,48.78
18811,88.35
18812,92.48
18813,83.74
18814,95.95
18815,83.01
18816,54.0
18817,49.27
18818,64.48
18819,82.57
18820,48.23
18821,75.46
18822,90.12
18823,69.18
18824,53.35
18825,82.99
18826,76.66
18827,54.52
18828,82.16
18829,84.2
18830,38.78
18831,26.28
18832,78.86
18833,75.04
18834,97.81
18835,93.26
18836,77.48
18837,56.37
18838,27.79
18839,83.13
18840,84.77
18841,82.54
18842,78.49
18843,95.44
18844,62.73
18845,27.57
18846,75.29
18847,76.0
18848,77.2
18849,59.32
18850,69.39
18851,62.68
18852,37.71
18853,62.49
18854,104.28
18855,109.23
18856,69.15
18857,67.93
18858,35.69
18859,27.11
18860,133.4
18861,67.56
18862,72.86
18863,70.28
18864,64.09
18865,41.76
18866,42.02
18867,59.4
18868,64.82
18869,80.71
18870,66.39
18871,74.95
18872,51.84
18873,42.51
18874,44.93
18875,63.53
18876,71.15
18877,64.08
18878,71.52
18879,61.29
18880,17.91
18881,65.94
18882,66.31
18883,64.13
18884,73.11
18885,69.32
18886,64.14
18887,65.26
18888,57.5
18889,56.58
18890,54.54
18891,55.95
18892,57.14
18893,48.66
18894,51.96
18895,67.18
18896,72.41
18897,58.16
18898,50.44
18899,52.52
18900,52.5
18901,60.76
18902,54.57
18903,62.3
18904,62.99
18905,40.97
18906,64.77
18907,49.83
18908,49.71
18909,54.22
18910,53.06
18911,61.27
18912,54.96
18913,59.66
18914,62.3
18915,47.62
18916,65.02
18917,53.89
18918,61.56
18919,63.01
18920,53.89
18921,51.73
18922,46.26
18923,59.32
18924,62.52
18925,57.64
18926,61.42
18927,62.68
18928,46.06
18929,41.95
18930,79.4
18931,102.52
18932,74.27
18933,67.67
18934,65.19
18935,62.66
18936,65.31
18937,68.61
18938,76.54
18939,69.18
18940,64.13
18941,56.94
18942,48.03
18943,78.56
18944,178.7
18945,146.7
18946,106.65
18947,91.27
18948,98.13
18949,87.07
18950,77.33
18951,82.82
18952,87.26
18953,221.9
18954,255.22
18955,145.99
18956,182.83
18957,132.98
18958,113.09
18959,104.51
18960,147.02
18961,166.3
18962,160.53
18963,441.41
18964,533.84
18965,370.26
18966,219.13
18967,277.71
18968,285.12
18969,213.55
18970,185.01
18971,151.78
18972,153.76
18973,139.54
18974,127.68
18975,161.5
18976,169.75
18977,132.63
18978,141.02
18979,144.02
18980,180.32
18981,267.7
18982,322.9
18983,246.85
18984,327.21
18985,325.89
18986,233.48
18987,196.01
18988,171.51
18989,185.16
18990,223.66
18991,253.74
18992,292.3
18993,343.16
18994,338.28
18995,988.67
18996,664.25
18997,414.25
18998,356.87
18999,367.36
19000,368.2
19001,353.47
19002,316.73
19003,277.21
19004,246.03
19005,259.79
19006,171.88
19007,213.46
19008,208.75
19009,194.14
19010,159.99
19011,160.3
19012,159.15
19013,140.72
19014,156.76
19015,157.91
19016,121.54
19017,105.89
19018,101.46
19019,130.28
19020,131.93
19021,100.17
19022,104.82
19023,101.77
19024,92.81
19025,110.63
19026,109.72
19027,100.71
19028,90.84
19029,94.53
19030,85.52
19031,163.02
19032,184.27
19033,151.76
19034,136.38
19035,133.5
19036,113.45
19037,121.19
19038,126.93
19039,130.87
19040,137.77
19041,125.52
19042,129.06
19043,236.62
19044,324.21
19045,265.05
19046,269.03
19047,258.93
19048,242.2
19049,174.7
19050,155.96
19051,196.39
19052,149.18
19053,155.47
19054,170.55
19055,160.28
19056,140.37
19057,139.8
19058,178.07
19059,209.61
19060,196.03
19061,177.02
19062,213.83
19063,200.32
19064,177.65
19065,173.62
19066,182.97
19067,184.4
19068,173.97
19069,149.82
19070,137.76
19071,128.99
19072,119.62
19073,110.33
19074,154.83
19075,230.01
19076,184.07
19077,161.54
19078,159.6
19079,144.3
19080,155.66
19081,162.17
19082,177.93
19083,150.42
19084,113.89
19085,128.71
19086,132.89
19087,163.0
19088,163.42
19089,158.66
19090,166.3
19091,134.67
19092,150.14
19093,144.87
19094,148.1
19095,168.43
19096,152.37
19097,173.4
19098,135.6
19099,144.91
19100,133.19
19101,128.55
19102,130.97
19103,115.07
19104,147.78
19105,115.53
19106,122.78
19107,122.59
19108,124.23
19109,120.41
19110,111.46
19111,118.8
19112,107.96
19113,136.4
19114,120.95
19115,105.22
19116,113.96
19117,93.14
19118,102.08
19119,105.9
19120,66.8
19121,92.53
19122,101.23
19123,98.7
19124,116.78
19125,111.5
19126,105.12
19127,97.12
19128,100.25
19129,93.51
19130,80.46
19131,98.61
19132,136.64
19133,135.02
19134,126.3
19135,98.32
19136,94.53
19137,98.37
19138,78.95
19139,59.32
19140,74.27
19141,103.22
19142,101.81
19143,103.92
19144,98.32
19145,88.5
19146,74.9
19147,90.86
19148,90.26
19149,81.49
19150,67.56
19151,69.2
19152,46.67
19153,40.05
19154,76.82
19155,87.21
19156,62.54
19157,80.05
19158,63.64
19159,51.87
19160,62.4
19161,66.71
19162,65.4
19163,61.08
19164,72.13
19165,57.92
19166,58.37
19167,55.13
19168,78.95
19169,54.28
19170,43.34
19171,23.85
19172,66.41
19173,59.56
19174,38.01
19175,65.1
19176,80.38
19177,78.11
19178,45.38
19179,59.07
19180,44.32
19181,47.35
19182,59.44
19183,68.54
19184,68.47
19185,56.39
19186,63.38
19187,71.61
19188,33.88
19189,69.11
19190,70.98
19191,71.97
19192,68.99
19193,68.07
19194,50.93
19195,46.87
19196,61.2
19197,61.63
19198,70.23
19199,69.79
19200,59.54
19201,38.64
19202,49.13
19203,53.98
19204,53.77
19205,74.33
19206,61.23
19207,51.45
19208,54.56
19209,62.33
19210,62.58
19211,57.22
19212,68.73
19213,66.17
19214,68.47
19215,66.99
19216,60.17
19217,61.08
19218,59.75
19219,58.2
19220,63.05
19221,74.36
19222,62.91
19223,48.96
19224,54.78
19225,53.79
19226,57.29
19227,55.18
19228,52.08
19229,63.87
19230,61.63
19231,59.3
19232,58.36
19233,74.97
19234,57.83
19235,60.55
19236,37.87
19237,59.68
19238,62.05
19239,53.09
19240,64.82
19241,50.49
19242,46.6
19243,32.95
19244,51.64
19245,59.4
19246,60.1
19247,52.55
19248,56.32
19249,62.82
19250,33.72
19251,38.32
19252,72.88
19253,47.76
19254,63.33
19255,68.14
19256,69.74
19257,25.89
19258,40.68
19259,58.77
19260,58.65
19261,65.94
19262,70.53
19263,72.43
19264,44.86
19265,58.97
19266,45.19
19267,49.99
19268,52.95
19269,56.89
19270,63.1
19271,56.47
19272,57.48
19273,57.64
19274,42.86
19275,47.02
19276,44.86
19277,61.49
19278,50.84
19279,49.71
19280,50.82
19281,57.97
19282,60.55
19283,47.83
19284,52.59
19285,47.67
19286,55.79
19287,51.7
19288,65.0
19289,66.39
19290,65.96
19291,33.39
19292,20.07
19293,58.93
19294,68.42
19295,59.45
19296,45.58
19297,46.66
19298,57.28
19299,61.04
19300,55.64
19301,65.59
19302,73.73
19303,77.29
19304,163.63
19305,101.02
19306,76.99
19307,63.73
19308,65.12
19309,68.66
19310,67.63
19311,75.06
19312,64.72
19313,64.41
19314,63.59
19315,77.48
19316,61.76
19317,64.62
19318,53.67
19319,43.59
19320,50.7
19321,67.02
19322,63.45
19323,56.75
19324,55.76
19325,53.16
19326,53.21
19327,63.1
19328,63.43
19329,59.59
19330,56.05
19331,66.52
19332,61.67
19333,71.15
19334,61.29
19335,64.95
19336,66.46
19337,68.78
19338,63.92
19339,71.38
19340,208.3
19341,583.93
19342,504.04
19343,842.06
19344,330.8
19345,224.55
19346,198.62
19347,405.02
19348,364.42
19349,218.97
19350,192.3
19351,149.63
19352,125.97
19353,160.84
19354,659.53
19355,1451.79
19356,841.01
19357,668.6
19358,823.58
19359,471.94
19360,334.99
19361,269.24
19362,235.83
19363,215.54
19364,196.27
19365,227.13
19366,162.64
19367,173.1
19368,228.35
19369,280.87
19370,465.96
19371,626.26
19372,665.74
19373,509.86
19374,401.07
19375,318.79
19376,292.2
19377,232.41
19378,212.52
19379,238.52
19380,301.96
19381,309.46
19382,295.02
19383,246.36
19384,246.83
19385,239.11
19386,228.19
19387,225.61
19388,213.2
19389,199.44
19390,186.18
19391,192.31
19392,180.25
19393,147.4
19394,144.33
19395,156.67
19396,155.3
19397,173.71
19398,170.9
19399,130.1
19400,114.06
19401,116.64
19402,127.07
19403,116.31
19404,169.77
19405,219.88
19406,208.27
19407,184.05
19408,153.94
19409,170.4
19410,154.18
19411,128.41
19412,130.78
19413,155.68
19414,135.11
19415,141.89
19416,131.18
19417,118.79
19418,112.89
19419,113.05
19420,103.79
19421,104.37
19422,103.43
19423,105.05
19424,102.62
19425,100.24
19426,105.69
19427,101.07
19428,102.59
19429,124.05
19430,170.8
19431,263.0
19432,671.19
19433,415.71
19434,319.47
19435,263.45
19436,250.97
19437,230.43
19438,204.87
19439,211.35
19440,221.34
19441,184.41
19442,190.17
19443,217.28
19444,204.03
19445,163.53
19446,175.3
19447,176.5
19448,176.32
19449,165.97
19450,175.31
19451,162.85
19452,209.24
19453,151.01
19454,171.09
19455,160.7
19456,143.25
19457,129.11
19458,143.06
19459,172.33
19460,235.24
19461,333.24
19462,271.42
19463,251.7
19464,243.61
19465,214.51
19466,186.49
19467,187.67
19468,175.98
19469,200.14
19470,201.24
19471,166.58
19472,260.75
19473,304.65
19474,237.89
19475,233.18
19476,566.49
19477,573.59
19478,515.48
19479,399.74
19480,351.45
19481,331.55
19482,315.74
19483,283.71
19484,278.11
19485,249.01
19486,249.66
19487,280.74
19488,253.35
19489,260.07
19490,247.6
19491,239.39
19492,232.19
19493,251.03
19494,242.81
19495,211.98
19496,206.37
19497,194.93
19498,173.71
19499,157.77
19500,193.78
19501,191.48
19502,179.92
19503,165.22
19504,178.03
19505,172.56
19506,154.63
19507,141.77
19508,150.94
19509,131.9
19510,155.21
19511,145.64
19512,145.48
19513,126.89
19514,136.82
19515,130.94
19516,108.78
19517,126.93
19518,128.29
19519,82.05
19520,117.32
19521,96.35
19522,106.23
19523,72.69
19524,92.06
19525,81.72
19526,90.11
19527,76.54
19528,73.89
19529,43.75
19530,44.83
19531,79.45
19532,70.96
19533,83.34
19534,85.29
19535,102.19
19536,87.87
19537,75.25
19538,81.82
19539,88.89
19540,64.49
19541,70.77
19542,76.87
19543,68.59
19544,50.61
19545,74.57
19546,76.19
19547,85.43
19548,82.92
19549,83.79
19550,89.43
19551,51.89
19552,66.01
19553,76.91
19554,84.53
19555,73.98
19556,69.93
19557,79.54
19558,59.65
19559,64.91
19560,71.47
19561,65.42
19562,66.31
19563,70.07
19564,61.95
19565,82.38
19566,33.51
19567,59.26
19568,75.88
19569,71.01
19570,63.29
19571,68.09
19572,94.52
19573,61.3
19574,50.91
19575,60.88
19576,43.68
19577,40.94
19578,44.86
19579,28.58
19580,27.2
19581,67.46
19582,66.2
19583,56.82
19584,49.85
19585,58.72
19586,47.98
19587,56.32
19588,67.2
19589,61.91
19590,60.5
19591,67.58
19592,64.32
19593,60.4
19594,64.86
19595,70.51
19596,63.8
19597,69.53
19598,62.21
19599,58.9
19600,49.93
19601,45.51
19602,56.68
19603,82.49
19604,66.41
19605,67.77
19606,74.71
19607,54.57
19608,50.44
19609,61.09
19610,60.38
19611,54.78
19612,62.47
19613,68.31
19614,62.89
19615,56.72
19616,51.94
19617,67.67
19618,54.43
19619,59.96
19620,61.69
19621,54.8
19622,62.4
19623,60.48
19624,59.05
19625,63.15
19626,71.45
19627,61.44
19628,61.49
19629,55.79
19630,57.76
19631,64.02
19632,59.3
19633,59.56
19634,44.7
19635,64.04
19636,59.63
19637,70.53
19638,63.43
19639,64.48
19640,55.72
19641,61.3
19642,76.73
19643,72.15
19644,61.02
19645,65.61
19646,54.28
19647,57.76
19648,67.2
19649,19.28
19650,62.85
19651,63.1
19652,67.0
19653,71.78
19654,48.56
19655,41.84
19656,43.07
19657,62.21
19658,63.73
19659,71.24
19660,55.55
19661,62.72
19662,62.54
19663,41.16
19664,86.46
19665,63.36
19666,59.35
19667,52.08
19668,53.53
19669,77.95
19670,123.77
19671,140.2
19672,84.3
19673,74.14
19674,69.41
19675,63.22
19676,90.45
19677,123.6
19678,91.15
19679,82.52
19680,72.11
19681,93.16
19682,68.9
19683,70.09
19684,63.94
19685,52.43
19686,64.58
19687,67.44
19688,71.33
19689,81.79
19690,64.41
19691,87.23
19692,77.38
19693,107.47
19694,102.64
19695,92.34
19696,93.09
19697,138.77
19698,463.19
19699,227.62
19700,143.02
19701,149.18
19702,155.84
19703,146.49
19704,172.14
19705,250.48
19706,452.03
19707,216.36
19708,179.36
19709,155.59
19710,126.79
19711,152.52
19712,145.17
19713,127.96
19714,116.19
19715,167.94
19716,533.02
19717,318.56
19718,223.02
19719,181.28
19720,202.51
19721,228.61
19722,167.52
19723,184.59
19724,490.88
19725,305.08
19726,249.22
19727,223.26
19728,137.06
19729,128.73
19730,151.64
19731,196.58
19732,263.08
19733,274.5
19734,229.59
19735,207.39
19736,185.11
19737,198.57
19738,205.53
19739,240.26
19740,211.94
19741,206.75
19742,166.44
19743,168.93
19744,117.64
19745,106.3
19746,118.58
19747,123.9
19748,117.43
19749,124.38
19750,136.75
19751,124.59
19752,100.04
19753,129.79
19754,105.87
19755,109.76
19756,190.81
19757,186.23
19758,164.15
19759,150.68
19760,140.67
19761,148.46
19762,137.18
19763,130.61
19764,123.3
19765,124.05
19766,127.91
19767,127.44
19768,141.37
19769,157.88
19770,617.6
19771,1933.41
19772,1394.47
19773,768.33
19774,576.87
19775,466.87
19776,401.28
19777,326.34
19778,319.7
19779,595.16
19780,880.87
19781,621.96
19782,445.74
19783,381.31
19784,405.22
19785,350.14
19786,317.83
19787,289.1
19788,272.5
19789,236.18
19790,222.62
19791,232.2
19792,234.28
19793,224.74
19794,227.97
19795,227.29
19796,213.34
19797,218.52
19798,225.96
19799,208.46
19800,206.28
19801,195.33
19802,200.39
19803,180.77
19804,191.6
19805,173.53
19806,170.31
19807,188.09
19808,213.03
19809,180.7
19810,187.76
19811,172.84
19812,179.81
19813,173.69
19814,183.98
19815,156.87
19816,145.15
19817,165.69
19818,146.21
19819,160.41
19820,127.17
19821,142.57
19822,144.8
19823,141.91
19824,146.72
19825,146.37
19826,129.49
19827,147.14
19828,121.94
19829,125.48
19830,114.62
19831,117.04
19832,135.18
19833,175.57
19834,217.23
19835,203.72
19836,198.19
19837,192.75
19838,146.41
19839,156.54
19840,170.13
19841,149.14
19842,139.97
19843,137.74
19844,131.9
19845,115.89
19846,117.69
19847,139.24
19848,143.04
19849,132.72
19850,120.25
19851,0.0
19852,0.0
19853,120.98
19854,128.2
19855,120.23
19856,109.49
19857,103.2
19858,111.8
19859,98.0
19860,112.67
19861,110.71
19862,117.51
19863,99.68
19864,111.92
19865,103.36
19866,81.7
19867,84.28
19868,89.3
19869,93.31
19870,88.68
19871,97.27
19872,80.41
19873,82.12
19874,67.07
19875,60.74
19876,136.1
19877,148.13
19878,41.71
19879,81.77
19880,58.71
19881,84.06
19882,79.98
19883,80.27
19884,98.98
19885,88.14
19886,81.51
19887,62.8
19888,68.24
19889,72.91
19890,77.67
19891,75.22
19892,68.5
19893,76.77
19894,72.91
19895,69.6
19896,54.26
19897,73.91
19898,67.16
19899,72.86
19900,55.74
19901,69.9
19902,61.81
19903,83.22
19904,70.37
19905,68.22
19906,88.21
19907,86.69
19908,43.52
19909,88.76
19910,77.92
19911,79.45
19912,68.99
19913,65.99
19914,73.68
19915,58.11
19916,65.91
19917,74.08
19918,60.12
19919,64.98
19920,59.49
19921,76.21
19922,67.51
19923,67.07
19924,54.73
19925,76.91
19926,58.65
19927,61.15
19928,59.84
19929,48.16
19930,65.23
19931,69.08
19932,54.85
19933,71.08
19934,81.13
19935,65.44
19936,56.25
19937,55.36
19938,63.87
19939,59.51
19940,64.39
19941,39.68
19942,40.19
19943,59.16
19944,62.72
19945,35.71
19946,63.55
19947,64.89
19948,55.58
19949,53.09
19950,70.81
19951,62.05
19952,58.71
19953,53.81
19954,65.84
19955,61.55
19956,58.69
19957,50.56
19958,45.73
19959,55.5
19960,58.03
19961,61.9
19962,58.11
19963,59.82
19964,54.19
19965,51.59
19966,55.72
19967,49.19
19968,61.74
19969,52.32
19970,65.84
19971,71.4
19972,69.9
19973,84.09
19974,78.08
19975,60.01
19976,56.18
19977,53.04
19978,52.31
19979,59.59
19980,55.17
19981,53.07
19982,45.72
19983,53.35
19984,32.74
19985,26.87
19986,51.78
19987,59.14
19988,52.29
19989,52.88
19990,69.03
19991,65.38
19992,58.16
19993,49.95
19994,47.23
19995,38.97
19996,41.13
19997,50.7
19998,33.95
19999,44.09
20000,55.24
20001,59.19
20002,43.1
20003,58.76
20004,59.51
20005,80.32
20006,47.88
20007,68.38
20008,47.09
20009,51.45
20010,58.83
20011,45.72
20012,52.72
20013,81.96
20014,66.15
20015,76.16
20016,186.92
20017,116.03
20018,75.22
20019,69.18
20020,107.42
20021,41.84
20022,78.34
20023,116.31
20024,82.89
20025,70.09
20026,63.45
20027,63.27
20028,70.86
20029,72.55
20030,112.51
20031,43.8
20032,57.47
20033,69.41
20034,72.34
20035,60.76
20036,36.67
20037,43.31
20038,57.36
20039,70.35
20040,67.04
20041,70.54
20042,72.97
20043,76.91
20044,69.39
20045,57.29
20046,51.77
20047,52.08
20048,48.87
20049,52.01
20050,48.0
20051,54.56
20052,53.82
20053,56.46
20054,64.81
20055,77.85
20056,64.55
20057,57.78
20058,59.8
20059,62.1
20060,62.78
20061,51.29
20062,62.68
20063,65.85
20064,112.34
20065,171.15
20066,481.95
20067,279.91
20068,182.74
20069,151.2
20070,127.37
20071,101.23
20072,90.63
20073,101.25
20074,94.85
20075,94.94
20076,84.06
20077,82.35
20078,92.95
20079,81.3
20080,76.86
20081,78.02
20082,71.21
20083,79.7
20084,130.0
20085,209.47
20086,192.91
20087,209.54
20088,289.34
20089,248.32
20090,207.12
20091,229.17
20092,183.05
20093,131.71
20094,101.13
20095,91.69
20096,134.95
20097,130.77
20098,152.33
20099,154.37
20100,162.38
20101,128.52
20102,127.23
20103,127.12
20104,119.0
20105,124.11
20106,112.09
20107,117.79
20108,127.66
20109,139.73
20110,135.39
20111,124.94
20112,118.09
20113,129.61
20114,144.94
20115,300.22
20116,267.15
20117,408.81
20118,327.23
20119,245.7
20120,203.49
20121,180.13
20122,170.83
20123,156.48
20124,176.79
20125,156.94
20126,132.72
20127,144.17
20128,112.41
20129,110.71
20130,104.8
20131,108.64
20132,100.18
20133,146.96
20134,148.11
20135,142.24
20136,131.92
20137,120.67
20138,149.72
20139,151.37
20140,260.08
20141,246.78
20142,179.97
20143,175.4
20144,137.29
20145,129.81
20146,132.46
20147,208.96
20148,247.18
20149,240.61
20150,251.77
20151,215.78
20152,190.8
20153,200.28
20154,183.53
20155,173.31
20156,168.25
20157,172.94
20158,157.11
20159,147.29
20160,143.82
20161,146.42
20162,159.99
20163,131.34
20164,132.89
20165,126.44
20166,136.07
20167,203.65
20168,236.96
20169,292.25
20170,517.94
20171,443.75
20172,330.42
20173,273.77
20174,238.92
20175,319.7
20176,318.32
20177,273.93
20178,248.91
20179,224.53
20180,213.93
20181,203.78
20182,236.13
20183,220.84
20184,199.93
20185,181.21
20186,200.04
20187,257.92
20188,223.26
20189,221.48
20190,190.12
20191,192.12
20192,183.82
20193,165.51
20194,168.91
20195,152.98
20196,142.22
20197,170.66
20198,145.83
20199,139.13
20200,138.75
20201,145.9
20202,157.06
20203,152.28
20204,135.07
20205,116.42
20206,122.78
20207,136.45
20208,144.98
20209,148.55
20210,140.44
20211,144.73
20212,140.01
20213,161.89
20214,221.8
20215,207.62
20216,219.35
20217,419.93
20218,684.29
20219,509.34
20220,386.87
20221,339.41
20222,294.05
20223,303.17
20224,293.18
20225,427.57
20226,288.73
20227,494.1
20228,589.46
20229,473.23
20230,371.34
20231,349.18
20232,328.64
20233,276.98
20234,254.1
20235,257.43
20236,239.02
20237,233.62
20238,194.91
20239,201.87
20240,161.23
20241,180.94
20242,162.29
20243,157.86
20244,130.49
20245,157.41
20246,139.45
20247,132.33
20248,142.2
20249,130.47
20250,115.67
20251,109.55
20252,111.15
20253,105.14
20254,106.53
20255,95.2
20256,134.95
20257,151.41
20258,195.59
20259,160.55
20260,139.01
20261,116.57
20262,109.22
20263,101.2
20264,98.72
20265,94.34
20266,99.57
20267,86.6
20268,111.59
20269,129.27
20270,130.17
20271,110.94
20272,93.4
20273,105.54
20274,101.75
20275,88.73
20276,84.95
20277,90.07
20278,81.42
20279,70.16
20280,78.55
20281,86.95
20282,81.42
20283,88.47
20284,84.91
20285,91.1
20286,65.75
20287,78.49
20288,68.12
20289,75.41
20290,76.09
20291,63.88
20292,69.13
20293,68.73
20294,62.72
20295,20.5
20296,49.1
20297,62.8
20298,67.82
20299,66.64
20300,63.01
20301,63.34
20302,69.04
20303,61.15
20304,68.35
20305,68.87
20306,66.99
20307,63.9
20308,61.88
20309,67.46
20310,70.89
20311,67.96
20312,62.56
20313,68.73
20314,0.0
20315,54.08
20316,64.74
20317,72.81
20318,61.51
20319,61.46
20320,57.08
20321,63.38
20322,58.95
20323,74.43
20324,59.38
20325,59.18
20326,59.18
20327,61.48
20328,47.55
20329,59.66
20330,65.75
20331,54.49
20332,56.77
20333,61.63
20334,59.79
20335,59.91
20336,54.38
20337,54.47
20338,57.71
20339,60.87
20340,59.07
20341,69.43
20342,52.53
20343,48.0
20344,69.15
20345,69.51
20346,61.98
20347,63.76
20348,56.44
20349,61.18
20350,48.89
20351,62.61
20352,61.48
20353,61.18
20354,60.48
20355,52.76
20356,53.07
20357,60.43
20358,58.08
20359,71.42
20360,58.11
20361,57.4
20362,60.95
20363,62.26
20364,59.3
20365,56.39
20366,42.32
20367,53.93
20368,67.04
20369,67.39
20370,57.38
20371,58.23
20372,61.72
20373,63.6
20374,65.44
20375,59.45
20376,62.85
20377,55.64
20378,53.04
20379,73.72
20380,59.33
20381,64.32
20382,67.48
20383,61.9
20384,63.83
20385,66.05
20386,51.99
20387,51.47
20388,79.26
20389,52.2
20390,91.92
20391,62.8
20392,57.45
20393,55.2
20394,74.1
20395,61.79
20396,100.57
20397,79.35
20398,67.16
20399,109.13
20400,245.6
20401,140.79
20402,87.94
20403,94.9
20404,92.51
20405,88.01
20406,71.05
20407,66.57
20408,73.09
20409,63.66
20410,94.1
20411,67.16
20412,69.39
20413,82.43
20414,73.35
20415,65.61
20416,70.02
20417,64.89
20418,72.65
20419,58.3
20420,64.86
20421,105.26
20422,101.06
20423,98.95
20424,285.7
20425,187.01
20426,123.62
20427,93.89
20428,79.1
20429,58.64
20430,82.12
20431,80.27
20432,66.6
20433,71.42
20434,69.38
20435,72.55
20436,70.04
20437,63.52
20438,73.0
20439,67.37
20440,90.35
20441,151.2
20442,372.51
20443,350.45
20444,414.7
20445,671.61
20446,560.58
20447,380.74
20448,404.55
20449,583.34
20450,686.19
20451,1203.16
20452,750.98
20453,938.95
20454,1384.0
20455,1083.91
20456,991.12
20457,852.49
20458,788.45
20459,606.72
20460,470.29
20461,408.72
20462,352.21
20463,333.96
20464,336.63
20465,353.9
20466,297.12
20467,297.27
20468,419.5
20469,359.85
20470,310.19
20471,317.53
20472,356.31
20473,316.64
20474,301.96
20475,265.49
20476,248.59
20477,233.97
20478,210.97
20479,209.47
20480,225.63
20481,211.65
20482,314.46
20483,315.48
20484,373.47
20485,369.86
20486,356.12
20487,363.82
20488,324.32
20489,398.54
20490,350.82
20491,319.31
20492,296.73
20493,270.02
20494,250.63
20495,237.17
20496,222.84
20497,218.81
20498,208.37
20499,174.76
20500,185.41
20501,174.35
20502,191.23
20503,167.78
20504,168.2
20505,150.5
20506,148.08
20507,126.84
20508,135.44
20509,135.89
20510,158.45
20511,177.09
20512,523.15
20513,664.9
20514,507.37
20515,440.77
20516,416.83
20517,366.27
20518,528.38
20519,520.9
20520,533.59
20521,425.44
20522,357.74
20523,325.61
20524,289.25
20525,276.23
20526,287.16
20527,300.88
20528,294.38
20529,434.07
20530,447.27
20531,370.61
20532,321.53
20533,315.3
20534,296.35
20535,277.03
20536,263.05
20537,325.21
20538,468.59
20539,418.28
20540,392.35
20541,466.52
20542,484.76
20543,0.0
20544,536.73
20545,557.6
20546,547.16
20547,669.75
20548,613.92
20549,524.32
20550,513.35
20551,477.07
20552,510.04
20553,514.59
20554,493.72
20555,660.98
20556,996.03
20557,754.41
20558,597.72
20559,618.49
20560,626.56
20561,516.77
20562,474.52
20563,461.62
20564,435.83
20565,420.44
20566,413.41
20567,377.89
20568,372.65
20569,360.63
20570,359.2
20571,370.9
20572,374.36
20573,392.68
20574,389.56
20575,365.95
20576,342.0
20577,330.45
20578,313.33
20579,310.28
20580,311.07
20581,299.21
20582,284.79
20583,267.76
20584,261.72
20585,268.31
20586,271.87
20587,260.24
20588,265.44
20589,268.51
20590,283.01
20591,278.77
20592,260.97
20593,302.56
20594,316.92
20595,286.92
20596,299.44
20597,279.37
20598,222.82
20599,221.76
20600,203.99
20601,208.11
20602,198.03
20603,195.0
20604,163.16
20605,145.13
20606,139.34
20607,181.43
20608,173.06
20609,171.04
20610,160.07
20611,164.1
20612,160.32
20613,147.64
20614,145.62
20615,146.42
20616,144.87
20617,131.41
20618,127.19
20619,118.56
20620,113.19
20621,149.61
20622,114.13
20623,116.28
20624,120.97
20625,119.01
20626,115.98
20627,95.41
20628,114.74
20629,95.65
20630,95.81
20631,104.02
20632,97.32
20633,107.7
20634,106.08
20635,99.14
20636,97.52
20637,95.13
20638,88.87
20639,101.81
20640,82.42
20641,87.61
20642,90.44
20643,92.51
20644,87.14
20645,91.64
20646,78.44
20647,81.6
20648,85.64
20649,82.64
20650,80.22
20651,88.41
20652,85.29
20653,81.39
20654,92.93
20655,94.27
20656,80.74
20657,73.23
20658,82.75
20659,95.48
20660,86.78
20661,82.42
20662,75.98
20663,78.32
20664,71.9
20665,55.76
20666,71.71
20667,78.69
20668,81.98
20669,81.89
20670,78.49
20671,67.98
20672,78.96
20673,72.55
20674,77.78
20675,78.11
20676,68.82
20677,77.83
20678,76.33
20679,74.9
20680,70.86
20681,73.68
20682,73.93
20683,67.84
20684,69.69
20685,72.53
20686,74.99
20687,71.47
20688,70.21
20689,73.63
20690,66.76
20691,75.77
20692,29.47
20693,61.84
20694,80.59
20695,74.92
20696,79.51
20697,61.25
20698,74.83
20699,64.63
20700,59.38
20701,58.67
20702,70.18
20703,68.47
20704,68.07
20705,67.3
20706,55.83
20707,68.97
20708,75.51
20709,67.41
20710,66.92
20711,53.09
20712,70.86
20713,62.89
20714,64.3
20715,78.69
20716,46.71
20717,69.79
20718,68.0
20719,75.41
20720,51.7
20721,73.11
20722,68.24
20723,66.55
20724,65.1
20725,67.25
20726,68.87
20727,62.82
20728,68.0
20729,60.52
20730,69.43
20731,76.77
20732,72.62
20733,69.76
20734,66.41
20735,74.83
20736,67.82
20737,65.92
20738,76.94
20739,78.81
20740,91.45
20741,74.8
20742,89.5
20743,79.8
20744,58.88
20745,63.5
20746,63.59
20747,61.97
20748,47.04
20749,51.45
20750,62.31
20751,52.69
20752,52.27
20753,62.28
20754,68.49
20755,86.41
20756,79.37
20757,63.76
20758,67.13
20759,76.79
20760,87.25
20761,106.06
20762,79.98
20763,101.25
20764,92.39
20765,79.24
20766,87.23
20767,83.5
20768,81.25
20769,91.2
20770,93.4
20771,132.18
20772,102.49
20773,94.66
20774,108.47
20775,92.02
20776,87.11
20777,83.01
20778,92.39
20779,87.65
20780,106.58
20781,96.3
20782,82.54
20783,81.49
20784,122.07
20785,84.79
20786,71.89
20787,66.76
20788,75.51
20789,68.66
20790,83.43
20791,84.65
20792,74.97
20793,73.42
20794,70.13
20795,77.19
20796,85.45
20797,127.16
20798,133.36
20799,162.78
20800,222.16
20801,266.54
20802,288.89
20803,264.15
20804,167.82
20805,139.06
20806,120.97
20807,108.31
20808,92.83
20809,111.17
20810,95.84
20811,95.56
20812,105.48
20813,97.95
20814,236.46
20815,254.42
20816,160.34
20817,142.1
20818,133.03
20819,128.24
20820,105.19
20821,94.62
20822,121.21
20823,143.11
20824,107.31
20825,106.57
20826,101.58
20827,98.32
20828,97.9
20829,81.55
20830,92.11
20831,84.06
20832,87.89
20833,90.82
20834,88.41
20835,99.1
20836,81.0
20837,83.53
20838,86.55
20839,78.16
20840,78.02
20841,78.44
20842,85.12
20843,86.97
20844,77.88
20845,66.86
20846,68.42
20847,79.54
20848,75.83
20849,78.98
20850,71.47
20851,79.82
20852,82.92
20853,84.63
20854,76.8
20855,77.87
20856,88.73
20857,113.28
20858,137.16
20859,173.08
20860,383.33
20861,460.0
20862,269.74
20863,199.36
20864,163.28
20865,154.3
20866,155.3
20867,150.69
20868,143.58
20869,119.0
20870,136.48
20871,240.92
20872,446.07
20873,281.49
20874,259.42
20875,326.7
20876,269.12
20877,257.02
20878,207.73
20879,189.24
20880,186.61
20881,167.22
20882,158.73
20883,140.04
20884,144.03
20885,180.3
20886,162.24
20887,153.9
20888,159.87
20889,163.88
20890,151.86
20891,183.42
20892,165.18
20893,149.33
20894,147.99
20895,137.64
20896,142.46
20897,130.21
20898,126.98
20899,132.33
20900,139.36
20901,139.78
20902,155.59
20903,133.89
20904,120.86
20905,128.24
20906,89.74
20907,99.45
20908,106.01
20909,106.27
20910,113.35
20911,110.99
20912,112.09
20913,111.95
20914,100.04
20915,92.97
20916,90.66
20917,77.03
20918,125.73
20919,95.14
20920,97.18
20921,95.08
20922,103.97
20923,101.18
20924,88.17
20925,83.78
20926,95.67
20927,82.64
20928,91.41
20929,86.22
20930,123.55
20931,118.21
20932,95.25
20933,101.25
20934,104.49
20935,100.2
20936,94.1
20937,100.01
20938,100.15
20939,93.54
20940,94.81
20941,94.13
20942,82.45
20943,90.73
20944,99.92
20945,92.86
20946,91.1
20947,85.47
20948,90.79
20949,93.85
20950,91.78
20951,81.77
20952,74.9
20953,97.34
20954,81.27
20955,80.29
20956,86.01
20957,83.08
20958,81.98
20959,75.15
20960,69.55
20961,73.49
20962,73.09
20963,67.34
20964,89.36
20965,72.03
20966,66.08
20967,72.69
20968,61.58
20969,68.21
20970,69.38
20971,68.83
20972,66.92
20973,74.27
20974,67.18
20975,55.24
20976,61.3
20977,58.55
20978,69.32
20979,59.04
20980,66.43
20981,56.56
20982,69.67
20983,73.56
20984,72.88
20985,67.16
20986,57.78
20987,50.27
20988,75.97
20989,95.56
20990,88.5
20991,64.67
20992,64.21
20993,45.68
20994,56.3
20995,42.52
20996,62.17
20997,45.47
20998,61.09
20999,63.88
21000,50.77
21001,58.95
21002,63.71
21003,56.75
21004,69.71
21005,64.93
21006,60.47
21007,69.04
21008,58.16
21009,68.52
21010,62.47
21011,67.39
21012,58.84
21013,53.81
21014,56.67
21015,62.75
21016,62.58
21017,56.8
21018,106.29
21019,66.29
21020,79.84
21021,50.67
21022,58.43
21023,66.17
21024,59.56
21025,63.26
21026,62.07
21027,63.17
21028,66.31
21029,57.01
21030,64.56
21031,61.72
21032,63.22
21033,63.59
21034,60.59
21035,61.39
21036,41.01
21037,57.1
21038,61.42
21039,61.93
21040,50.72
21041,57.43
21042,62.4
21043,62.38
21044,50.09
21045,52.85
21046,61.36
21047,33.13
21048,49.2
21049,52.29
21050,39.42
21051,59.56
21052,61.88
21053,55.65
21054,66.08
21055,52.04
21056,35.17
21057,61.25
21058,65.09
21059,55.5
21060,67.16
21061,61.23
21062,67.72
21063,66.93
21064,58.44
21065,55.46
21066,60.88
21067,59.4
21068,56.53
21069,58.76
21070,57.45
21071,53.79
21072,57.07
21073,60.22
21074,54.52
21075,55.51
21076,54.07
21077,58.48
21078,52.64
21079,64.01
21080,58.18
21081,51.45
21082,65.96
21083,55.43
21084,56.56
21085,58.18
21086,0.0
21087,52.18
21088,64.44
21089,58.84
21090,74.62
21091,63.48
21092,52.27
21093,70.89
21094,58.95
21095,52.01
21096,56.14
21097,62.89
21098,83.41
21099,81.09
21100,65.23
21101,47.48
21102,80.8
21103,0.0
21104,82.85
21105,60.94
21106,54.43
21107,73.14
21108,74.24
21109,76.52
21110,68.33
21111,134.65
21112,78.41
21113,71.85
21114,59.05
21115,62.65
21116,56.12
21117,51.77
21118,54.21
21119,62.56
21120,68.87
21121,103.62
21122,60.83
21123,72.18
21124,55.1
21125,57.55
21126,49.41
21127,48.85
21128,59.44
21129,57.75
21130,61.77
21131,75.51
21132,75.37
21133,73.93
21134,54.03
21135,54.5
21136,47.22
21137,48.24
21138,53.79
21139,59.82
21140,73.12
21141,66.73
21142,65.71
21143,75.83
21144,71.57
21145,75.63
21146,59.02
21147,62.68
21148,58.76
21149,56.47
21150,66.73
21151,62.47
21152,64.08
21153,75.7
21154,63.24
21155,75.29
21156,91.47
21157,86.93
21158,86.36
21159,101.94
21160,90.65
21161,79.19
21162,54.0
21163,72.46
21164,68.14
21165,64.2
21166,67.06
21167,63.73
21168,83.93
21169,85.63
21170,98.54
21171,219.13
21172,210.72
21173,200.42
21174,124.05
21175,76.87
21176,80.46
21177,82.21
21178,80.32
21179,71.87
21180,74.94
21181,80.73
21182,83.38
21183,72.5
21184,82.91
21185,72.04
21186,87.14
21187,158.35
21188,0.0
21189,340.46
21190,233.29
21191,192.96
21192,173.64
21193,144.52
21194,169.38
21195,163.67
21196,156.41
21197,141.89
21198,133.28
21199,129.56
21200,119.45
21201,115.96
21202,114.62
21203,100.53
21204,106.41
21205,101.6
21206,93.31
21207,76.51
21208,95.53
21209,116.83
21210,213.44
21211,213.91
21212,262.89
21213,192.3
21214,150.61
21215,203.38
21216,168.97
21217,202.22
21218,195.01
21219,154.39
21220,141.42
21221,113.43
21222,119.43
21223,115.47
21224,112.62
21225,130.02
21226,132.91
21227,138.35
21228,154.5
21229,163.61
21230,127.24
21231,131.41
21232,137.43
21233,127.92
21234,139.94
21235,124.42
21236,197.39
21237,210.18
21238,222.58
21239,463.21
21240,408.28
21241,286.25
21242,254.56
21243,232.33
21244,196.32
21245,213.58
21246,209.12
21247,196.06
21248,195.9
21249,176.46
21250,147.9
21251,145.55
21252,148.18
21253,148.86
21254,137.29
21255,134.58
21256,126.23
21257,170.69
21258,155.75
21259,150.17
21260,153.62
21261,136.64
21262,146.96
21263,136.52
21264,147.33
21265,140.53
21266,145.9
21267,160.04
21268,131.93
21269,139.81
21270,135.54
21271,139.55
21272,142.48
21273,132.46
21274,127.61
21275,119.69
21276,104.49
21277,106.98
21278,103.97
21279,108.52
21280,94.26
21281,101.98
21282,98.27
21283,95.2
21284,89.04
21285,98.21
21286,102.43
21287,104.89
21288,113.02
21289,107.96
21290,108.87
21291,104.23
21292,103.6
21293,104.91
21294,92.06
21295,112.18
21296,97.45
21297,120.76
21298,99.47
21299,90.07
21300,95.02
21301,91.99
21302,107.56
21303,114.39
21304,106.58
21305,87.4
21306,87.49
21307,88.47
21308,97.69
21309,96.52
21310,97.06
21311,125.17
21312,120.91
21313,111.06
21314,125.47
21315,116.03
21316,110.78
21317,114.03
21318,112.14
21319,110.24
21320,104.54
21321,133.4
21322,137.65
21323,115.81
21324,130.05
21325,144.68
21326,79.75
21327,101.91
21328,95.86
21329,113.73
21330,107.51
21331,108.66
21332,123.76
21333,181.5
21334,123.11
21335,121.28
21336,102.19
21337,101.77
21338,95.01
21339,117.99
21340,106.98
21341,33.3
21342,56.61
21343,76.18
21344,72.37
21345,90.09
21346,59.73
21347,69.93
21348,75.02
21349,70.09
21350,56.37
21351,53.0
21352,62.17
21353,56.86
21354,66.5
21355,54.24
21356,62.68
21357,64.46
21358,61.65
21359,59.04
21360,47.56
21361,40.66
21362,69.53
21363,58.65
21364,56.6
21365,59.89
21366,44.3
21367,61.01
21368,55.32
21369,58.72
21370,43.36
21371,50.16
21372,50.07
21373,59.12
21374,60.36
21375,64.88
21376,54.03
21377,58.09
21378,41.93
21379,53.93
21380,56.86
21381,48.96
21382,45.66
21383,60.22
21384,51.59
21385,53.37
21386,46.74
21387,53.35
21388,64.6
21389,52.81
21390,48.82
21391,55.34
21392,55.78
21393,52.83
21394,55.37
21395,45.0
21396,42.04
21397,39.14
21398,51.7
21399,39.06
21400,48.02
21401,40.8
21402,48.8
21403,45.96
21404,41.5
21405,43.24
21406,37.64
21407,42.05
21408,45.14
21409,46.13
21410,52.48
21411,62.61
21412,60.08
21413,39.18
21414,46.22
21415,37.99
21416,47.49
21417,50.18
21418,53.61
21419,51.61
21420,49.15
21421,36.44
21422,51.19
21423,47.46
21424,52.59
21425,54.4
21426,68.92
21427,87.16
21428,70.63
21429,67.63
21430,49.64
21431,60.06
21432,46.8
21433,16.65
21434,21.52
21435,32.87
21436,21.9
21437,0.0
21438,40.96
21439,48.05
21440,48.85
21441,37.75
21442,49.12
21443,43.01
21444,50.46
21445,47.35
21446,49.38
21447,62.33
21448,35.27
21449,42.33
21450,44.77
21451,49.8
21452,45.51
21453,42.77
21454,47.22
21455,46.59
21456,48.78
21457,47.27
21458,54.82
21459,59.94
21460,57.47
21461,80.36
21462,80.6
21463,57.61
21464,57.5
21465,52.76
21466,58.23
21467,49.8
21468,35.27
21469,41.36
21470,53.58
21471,43.73
21472,53.14
21473,53.16
21474,51.24
21475,55.41
21476,57.94
21477,49.13
21478,53.79
21479,51.28
21480,48.82
21481,52.93
21482,49.59
21483,55.81
21484,64.48
21485,47.2
21486,58.13
21487,71.08
21488,69.83
21489,99.73
21490,165.2
21491,146.54
21492,120.01
21493,109.84
21494,75.97
21495,73.51
21496,69.88
21497,74.85
21498,76.86
21499,66.9
21500,65.1
21501,76.72
21502,72.91
21503,69.04
21504,67.75
21505,62.47
21506,62.38
21507,65.77
21508,61.7
21509,55.22
21510,77.76
21511,48.0
21512,38.74
21513,52.88
21514,55.51
21515,61.34
21516,60.4
21517,46.48
21518,55.32
21519,51.61
21520,44.81
21521,56.28
21522,51.96
21523,69.67
21524,0.0
21525,55.76
21526,51.68
21527,60.83
21528,63.83
21529,43.75
21530,54.35
21531,46.67
21532,60.01
21533,64.25
21534,67.25
21535,65.28
21536,64.37
21537,72.15
21538,76.4
21539,65.24
21540,105.45
21541,75.44
21542,61.53
21543,105.03
21544,92.56
21545,53.63
21546,54.1
21547,92.56
21548,75.72
21549,86.79
21550,73.21
21551,76.02
21552,77.64
21553,75.6
21554,100.69
21555,73.94
21556,47.62
21557,58.29
21558,57.94
21559,63.53
21560,58.77
21561,60.97
21562,65.3
21563,71.12
21564,68.92
21565,71.19
21566,62.21
21567,61.69
21568,64.98
21569,61.98
21570,75.84
21571,50.89
21572,67.25
21573,61.79
21574,78.16
21575,87.3
21576,66.57
21577,72.01
21578,71.17
21579,83.55
21580,75.46
21581,60.27
21582,55.39
21583,67.54
21584,63.12
21585,66.01
21586,86.79
21587,114.15
21588,102.5
21589,98.13
21590,95.32
21591,75.48
21592,98.6
21593,85.61
21594,146.6
21595,149.67
21596,264.67
21597,220.24
21598,204.94
21599,167.03
21600,142.19
21601,127.3
21602,120.67
21603,371.23
21604,899.23
21605,748.9
21606,384.99
21607,332.11
21608,288.35
21609,254.96
21610,490.79
21611,1023.82
21612,734.03
21613,557.01
21614,420.25
21615,341.09
21616,293.56
21617,230.5
21618,217.0
21619,209.82
21620,175.09
21621,191.86
21622,157.56
21623,148.22
21624,192.66
21625,494.35
21626,435.36
21627,317.95
21628,249.8
21629,231.79
21630,280.97
21631,254.03
21632,190.55
21633,199.95
21634,209.85
21635,188.55
21636,174.25
21637,181.71
21638,165.36
21639,145.22
21640,144.63
21641,196.41
21642,125.92
21643,135.89
21644,138.7
21645,128.34
21646,147.9
21647,147.35
21648,120.08
21649,183.72
21650,177.7
21651,161.0
21652,153.4
21653,130.12
21654,137.15
21655,122.47
21656,126.65
21657,132.06
21658,120.93
21659,118.72
21660,124.91
21661,122.68
21662,130.63
21663,143.89
21664,112.56
21665,112.32
21666,156.57
21667,101.74
21668,106.48
21669,94.52
21670,105.21
21671,137.08
21672,208.28
21673,370.99
21674,324.94
21675,480.38
21676,367.31
21677,290.63
21678,222.32
21679,211.53
21680,191.68
21681,190.12
21682,164.31
21683,155.73
21684,147.54
21685,143.09
21686,149.87
21687,138.02
21688,135.63
21689,134.06
21690,113.59
21691,113.36
21692,111.22
21693,80.15
21694,76.54
21695,83.79
21696,87.12
21697,96.35
21698,82.14
21699,91.69
21700,83.83
21701,84.44
21702,75.95
21703,87.96
21704,77.43
21705,100.1
21706,95.27
21707,76.44
21708,92.34
21709,84.68
21710,88.61
21711,96.38
21712,91.99
21713,91.41
21714,92.06
21715,87.53
21716,82.92
21717,72.62
21718,79.87
21719,79.49
21720,78.41
21721,75.63
21722,65.85
21723,70.72
21724,72.34
21725,64.88
21726,75.93
21727,70.77
21728,63.15
21729,73.42
21730,72.51
21731,62.54
21732,68.63
21733,59.54
21734,58.6
21735,57.78
21736,57.52
21737,66.38
21738,53.53
21739,62.54
21740,78.13
21741,63.26
21742,67.25
21743,63.87
21744,58.62
21745,67.86
21746,62.16
21747,73.56
21748,67.86
21749,60.41
21750,64.72
21751,69.06
21752,53.7
21753,59.52
21754,46.9
21755,53.46
21756,60.8
21757,51.19
21758,49.17
21759,47.93
21760,56.26
21761,48.51
21762,50.34
21763,56.33
21764,51.26
21765,43.82
21766,48.0
21767,53.11
21768,53.79
21769,63.52
21770,72.2
21771,44.2
21772,55.11
21773,47.02
21774,58.88
21775,52.72
21776,47.22
21777,57.29
21778,48.7
21779,49.95
21780,50.3
21781,50.72
21782,50.88
21783,48.49
21784,46.73
21785,48.19
21786,41.5
21787,51.03
21788,47.83
21789,53.58
21790,51.43
21791,45.07
21792,49.81
21793,54.22
21794,42.25
21795,54.8
21796,50.75
21797,52.43
21798,51.17
21799,50.53
21800,41.62
21801,46.2
21802,47.6
21803,62.26
21804,46.15
21805,41.86
21806,41.84
21807,45.12
21808,42.47
21809,44.36
21810,46.03
21811,50.2
21812,46.87
21813,44.83
21814,53.21
21815,55.08
21816,42.25
21817,53.67
21818,49.41
21819,50.37
21820,52.08
21821,43.9
21822,45.12
21823,51.78
21824,45.0
21825,48.66
21826,43.99
21827,43.57
21828,45.96
21829,47.06
21830,42.84
21831,50.51
21832,55.29
21833,46.03
21834,46.97
21835,67.21
21836,168.64
21837,345.22
21838,158.24
21839,87.94
21840,78.67
21841,74.15
21842,78.95
21843,76.98
21844,69.5
21845,67.98
21846,74.01
21847,62.91
21848,67.06
21849,62.14
21850,61.63
21851,61.09
21852,58.16
21853,54.83
21854,57.31
21855,47.16
21856,51.91
21857,60.26
21858,47.22
21859,65.07
21860,79.82
21861,70.82
21862,59.72
21863,69.64
21864,56.0
21865,67.58
21866,59.8
21867,58.69
21868,54.59
21869,58.6
21870,60.88
21871,63.76
21872,68.85
21873,77.81
21874,78.41
21875,66.6
21876,66.32
21877,67.54
21878,67.04
21879,64.14
21880,64.21
21881,68.71
21882,46.99
21883,65.77
21884,68.12
21885,69.01
21886,66.86
21887,58.91
21888,59.0
21889,68.31
21890,70.04
21891,68.85
21892,50.37
21893,51.47
21894,61.2
21895,60.29
21896,61.06
21897,60.78
21898,65.5
21899,112.75
21900,148.43
21901,123.9
21902,105.66
21903,86.78
21904,87.56
21905,120.25
21906,119.12
21907,105.33
21908,88.55
21909,75.3
21910,78.51
21911,86.2
21912,77.33
21913,83.97
21914,82.54
21915,91.92
21916,234.63
21917,200.42
21918,143.01
21919,110.1
21920,115.0
21921,100.11
21922,97.1
21923,104.0
21924,88.89
21925,87.91
21926,82.64
21927,209.17
21928,349.18
21929,213.25
21930,183.53
21931,201.76
21932,218.9
21933,521.25
21934,787.47
21935,718.25
21936,648.95
21937,411.53
21938,347.17
21939,347.61
21940,369.0
21941,317.34
21942,252.73
21943,200.87
21944,189.02
21945,191.11
21946,213.83
21947,203.44
21948,162.27
21949,180.07
21950,271.19
21951,571.67
21952,578.02
21953,417.0
21954,316.1
21955,265.56
21956,225.49
21957,240.96
21958,253.02
21959,283.87
21960,263.92
21961,235.01
21962,220.61
21963,215.24
21964,217.14
21965,192.68
21966,186.82
21967,168.39
21968,165.62
21969,189.77
21970,183.53
21971,180.23
21972,335.49
21973,378.03
21974,271.17
21975,199.11
21976,251.37
21977,368.5
21978,286.48
21979,245.49
21980,219.97
21981,203.49
21982,197.4
21983,183.25
21984,170.5
21985,156.76
21986,203.8
21987,167.05
21988,151.79
21989,151.27
21990,135.21
21991,198.47
21992,138.73
21993,143.89
21994,133.78
21995,137.72
21996,120.98
21997,137.5
21998,148.39
21999,138.86
22000,131.5
22001,124.07
22002,115.04
22003,173.74
22004,219.51
22005,210.55
22006,175.77
22007,200.96
22008,166.09
22009,217.51
22010,196.36
22011,157.81
22012,168.13
22013,160.95
22014,167.01
22015,166.12
22016,213.91
22017,352.84
22018,316.26
22019,289.5
22020,261.6
22021,229.99
22022,240.92
22023,215.64
22024,212.17
22025,261.39
22026,177.51
22027,171.06
22028,180.93
22029,158.73
22030,166.58
22031,162.64
22032,292.76
22033,256.13
22034,230.83
22035,208.18
22036,174.34
22037,201.62
22038,183.04
22039,179.25
22040,179.03
22041,162.39
22042,161.54
22043,163.33
22044,154.63
22045,201.38
22046,183.0
22047,162.43
22048,165.15
22049,179.78
22050,179.06
22051,161.73
22052,134.86
22053,229.76
22054,160.77
22055,158.7
22056,156.38
22057,155.4
22058,122.26
22059,144.23
22060,164.92
22061,167.97
22062,172.54
22063,154.02
22064,139.33
22065,132.93
22066,146.23
22067,135.96
22068,160.11
22069,159.53
22070,206.44
22071,231.49
22072,205.27
22073,190.99
22074,175.99
22075,183.4
22076,172.16
22077,148.55
22078,156.27
22079,151.06
22080,148.92
22081,136.05
22082,138.77
22083,117.29
22084,114.6
22085,109.01
22086,92.27
22087,113.68
22088,103.78
22089,105.97
22090,101.2
22091,107.26
22092,95.41
22093,99.84
22094,91.88
22095,88.75
22096,88.73
22097,77.73
22098,84.98
22099,73.86
22100,77.67
22101,77.4
22102,69.03
22103,69.53
22104,74.41
22105,82.16
22106,78.69
22107,74.31
22108,68.99
22109,74.21
22110,77.01
22111,68.92
22112,72.15
22113,68.31
22114,65.61
22115,69.43
22116,66.27
22117,66.2
22118,68.43
22119,58.55
22120,63.81
22121,62.96
22122,66.6
22123,60.01
22124,63.97
22125,64.46
22126,63.62
22127,63.12
22128,62.77
22129,66.67
22130,61.91
22131,70.33
22132,62.49
22133,58.37
22134,59.82
22135,61.2
22136,63.74
22137,53.47
22138,62.42
22139,60.17
22140,73.75
22141,72.58
22142,67.3
22143,62.89
22144,57.1
22145,62.16
22146,67.21
22147,62.77
22148,58.97
22149,49.9
22150,50.07
22151,65.8
22152,64.56
22153,61.9
22154,51.96
22155,55.13
22156,51.7
22157,54.01
22158,54.85
22159,58.34
22160,66.15
22161,66.69
22162,59.8
22163,52.65
22164,62.37
22165,59.25
22166,62.56
22167,55.04
22168,0.0
22169,71.42
22170,68.8
22171,70.09
22172,77.33
22173,70.56
22174,78.69
22175,78.51
22176,84.91
22177,85.76
22178,80.08
22179,40.87
22180,61.18
22181,71.17
22182,63.1
22183,65.42
22184,61.2
22185,64.72
22186,62.66
22187,53.95
22188,53.74
22189,53.3
22190,62.63
22191,60.81
22192,49.73
22193,22.44
22194,45.09
22195,42.73
22196,50.68
22197,40.38
22198,47.58
22199,49.59
22200,61.08
22201,58.46
22202,61.22
22203,56.09
22204,47.91
22205,53.77
22206,48.68
22207,45.31
22208,53.46
22209,56.33
22210,53.35
22211,105.8
22212,218.9
22213,85.4
22214,81.68
22215,58.03
22216,68.17
22217,83.46
22218,79.12
22219,89.97
22220,86.67
22221,75.41
22222,75.2
22223,77.34
22224,64.2
22225,61.84
22226,153.64
22227,71.31
22228,89.98
22229,79.21
22230,76.23
22231,60.08
22232,59.93
22233,54.64
22234,63.19
22235,62.66
22236,50.34
22237,56.8
22238,70.35
22239,120.1
22240,92.63
22241,87.91
22242,115.77
22243,100.46
22244,78.13
22245,78.49
22246,92.02
22247,71.57
22248,69.17
22249,55.95
22250,54.92
22251,79.66
22252,76.38
22253,100.06
22254,134.32
22255,251.28
22256,221.97
22257,230.18
22258,246.73
22259,282.14
22260,212.55
22261,196.55
22262,165.71
22263,205.76
22264,194.53
22265,149.09
22266,180.42
22267,191.09
22268,258.24
22269,297.64
22270,361.52
22271,429.0
22272,289.22
22273,234.23
22274,272.59
22275,340.13
22276,309.44
22277,361.87
22278,438.66
22279,312.46
22280,240.42
22281,204.6
22282,192.99
22283,156.62
22284,122.66
22285,128.76
22286,118.35
22287,121.35
22288,117.83
22289,113.57
22290,100.36
22291,109.49
22292,95.89
22293,125.43
22294,131.25
22295,123.56
22296,148.29
22297,166.35
22298,147.31
22299,129.21
22300,124.99
22301,152.21
22302,146.6
22303,130.47
22304,146.25
22305,119.24
22306,117.13
22307,105.14
22308,124.49
22309,109.6
22310,116.21
22311,109.74
22312,106.37
22313,103.97
22314,106.83
22315,89.5
22316,74.89
22317,91.73
22318,92.55
22319,87.94
22320,92.91
22321,95.23
22322,92.36
22323,101.54
22324,101.07
22325,147.92
22326,311.57
22327,388.16
22328,294.76
22329,249.06
22330,246.66
22331,187.92
22332,188.67
22333,168.57
22334,147.45
22335,171.42
22336,157.35
22337,141.23
22338,126.34
22339,131.88
22340,126.04
22341,314.19
22342,325.62
22343,273.56
22344,265.05
22345,273.81
22346,263.76
22347,271.0
22348,242.0
22349,272.74
22350,274.82
22351,320.25
22352,265.75
22353,330.68
22354,426.17
22355,629.52
22356,521.28
22357,591.15
22358,671.35
22359,743.92
22360,537.78
22361,428.09
22362,441.27
22363,623.72
22364,669.96
22365,782.88
22366,595.96
22367,441.05
22368,403.91
22369,350.96
22370,354.51
22371,368.5
22372,376.92
22373,342.88
22374,308.08
22375,288.33
22376,280.9
22377,273.16
22378,256.04
22379,236.21
22380,234.04
22381,228.4
22382,211.79
22383,229.22
22384,182.46
22385,214.26
22386,187.95
22387,196.72
22388,216.86
22389,225.74
22390,295.2
22391,340.18
22392,298.32
22393,298.13
22394,316.42
22395,323.32
22396,312.76
22397,321.81
22398,288.54
22399,296.09
22400,255.83
22401,242.68
22402,246.43
22403,232.66
22404,228.11
22405,223.17
22406,235.19
22407,218.08
22408,189.85
22409,217.58
22410,188.42
22411,206.71
22412,203.14
22413,197.51
22414,220.19
22415,228.11
22416,193.17
22417,244.36
22418,171.49
22419,209.33
22420,184.87
22421,186.65
22422,187.57
22423,217.93
22424,164.28
22425,203.54
22426,192.03
22427,173.76
22428,191.91
22429,157.01
22430,208.63
22431,227.62
22432,203.14
22433,193.2
22434,195.45
22435,175.5
22436,189.28
22437,184.05
22438,176.45
22439,153.26
22440,188.74
22441,197.25
22442,179.76
22443,208.51
22444,172.31
22445,184.17
22446,167.71
22447,173.29
22448,173.41
22449,157.23
22450,141.51
22451,166.86
22452,138.0
22453,145.69
22454,132.4
22455,137.57
22456,130.66
22457,135.19
22458,120.74
22459,165.69
22460,136.52
22461,120.39
22462,123.3
22463,127.05
22464,121.94
22465,117.81
22466,102.89
22467,95.16
22468,96.92
22469,94.38
22470,94.4
22471,93.38
22472,79.99
22473,84.89
22474,82.4
22475,76.84
22476,81.91
22477,76.77
22478,77.27
22479,73.73
22480,77.24
22481,68.19
22482,66.93
22483,64.13
22484,65.89
22485,65.3
22486,65.63
22487,63.97
22488,63.33
22489,79.47
22490,60.15
22491,52.04
22492,61.98
22493,65.0
22494,62.31
22495,143.09
22496,153.22
22497,134.92
22498,136.89
22499,137.51
22500,57.19
22501,71.47
22502,69.43
22503,70.35
22504,62.3
22505,68.31
22506,57.54
22507,58.98
22508,65.49
22509,58.65
22510,60.08
22511,64.91
22512,61.23
22513,59.56
22514,61.67
22515,69.51
22516,64.35
22517,63.88
22518,64.18
22519,57.14
22520,51.73
22521,56.7
22522,60.0
22523,57.41
22524,62.4
22525,55.81
22526,38.5
22527,53.39
22528,62.63
22529,61.88
22530,68.73
22531,59.84
22532,61.32
22533,59.94
22534,63.1
22535,71.12
22536,60.68
22537,48.64
22538,60.87
22539,59.91
22540,61.74
22541,44.86
22542,64.11
22543,68.97
22544,69.22
22545,82.56
22546,63.27
22547,54.29
22548,50.96
22549,59.44
22550,69.29
22551,59.56
22552,72.93
22553,57.57
22554,61.39
22555,52.59
22556,61.2
22557,94.24
22558,87.7
22559,66.36
22560,57.85
22561,63.05
22562,52.83
22563,83.6
22564,65.17
22565,69.67
22566,86.78
22567,53.39
22568,51.7
22569,50.09
22570,65.59
22571,65.03
22572,57.31
22573,69.88
22574,67.28
22575,68.99
22576,66.97
22577,70.58
22578,57.26
22579,64.93
22580,67.44
22581,66.9
22582,58.46
22583,63.6
22584,68.38
22585,75.98
22586,84.25
22587,81.55
22588,71.82
22589,84.81
22590,73.63
22591,73.82
22592,68.36
22593,59.11
22594,61.95
22595,66.24
22596,64.69
22597,61.65
22598,58.46
22599,64.23
22600,70.14
22601,59.19
22602,65.68
22603,78.65
22604,70.82
22605,62.16
22606,84.42
22607,93.82
22608,100.39
22609,77.81
22610,82.77
22611,70.6
22612,70.0
22613,70.74
22614,54.45
22615,71.66
22616,91.9
22617,76.56
22618,64.48
22619,67.34
22620,62.75
22621,59.94
22622,62.19
22623,59.94
22624,64.14
22625,60.41
22626,72.76
22627,60.45
22628,44.41
22629,58.41
22630,22.33
22631,43.26
22632,53.07
22633,59.89
22634,104.93
22635,116.66
22636,33.95
22637,39.28
22638,43.45
22639,57.28
22640,60.62
22641,82.43
22642,75.84
22643,39.87
22644,66.01
22645,36.63
22646,40.4
22647,53.23
22648,27.64
22649,60.66
22650,58.71
22651,59.66
22652,57.71
22653,69.95
22654,52.29
22655,63.74
22656,54.96
22657,61.83
22658,66.64
22659,66.32
22660,62.44
22661,60.24
22662,58.86
22663,76.72
22664,112.77
22665,159.36
22666,129.23
22667,144.75
22668,152.21
22669,118.07
22670,86.27
22671,106.06
22672,95.74
22673,65.19
22674,78.27
22675,73.14
22676,78.95
22677,76.59
22678,77.88
22679,76.52
22680,67.6
22681,70.37
22682,72.74
22683,69.71
22684,83.13
22685,80.88
22686,78.9
22687,90.19
22688,92.44
22689,94.97
22690,78.84
22691,77.85
22692,75.77
22693,75.58
22694,75.48
22695,72.79
22696,80.2
22697,68.09
22698,65.63
22699,70.0
22700,77.69
22701,65.23
22702,70.84
22703,74.78
22704,47.91
22705,122.81
22706,76.31
22707,62.37
22708,77.08
22709,72.2
22710,70.54
22711,74.48
22712,70.51
22713,65.5
22714,51.99
22715,52.01
22716,73.82
22717,78.39
22718,188.16
22719,303.88
22720,519.14
22721,689.41
22722,497.14
22723,310.79
22724,227.79
22725,170.69
22726,159.15
22727,177.51
22728,187.85
22729,159.93
22730,186.66
22731,151.11
22732,384.4
22733,536.31
22734,376.8
22735,562.9
22736,642.88
22737,488.35
22738,365.88
22739,293.91
22740,240.54
22741,216.84
22742,220.07
22743,179.24
22744,175.28
22745,208.39
22746,184.41
22747,221.12
22748,248.72
22749,352.77
22750,295.63
22751,252.6
22752,213.3
22753,202.86
22754,185.34
22755,172.99
22756,188.76
22757,185.04
22758,185.6
22759,199.39
22760,186.47
22761,198.82
22762,202.02
22763,170.76
22764,177.95
22765,175.54
22766,151.72
22767,152.46
22768,147.8
22769,158.33
22770,133.15
22771,159.8
22772,162.38
22773,161.82
22774,104.65
22775,107.16
22776,125.99
22777,127.96
22778,122.95
22779,108.88
22780,134.1
22781,124.51
22782,113.31
22783,91.52
22784,114.36
22785,90.8
22786,94.31
22787,104.98
22788,87.47
22789,103.25
22790,65.8
22791,72.11
22792,64.63
22793,60.59
22794,64.6
22795,80.52
22796,78.6
22797,72.58
22798,81.02
22799,72.5
22800,61.36
22801,90.93
22802,102.1
22803,97.95
22804,134.1
22805,44.76
22806,53.09
22807,52.79
22808,80.19
22809,81.91
22810,39.84
22811,61.08
22812,52.64
22813,60.41
22814,52.79
22815,62.98
22816,65.78
22817,65.77
22818,57.64
22819,64.46
22820,48.71
22821,47.69
22822,61.27
22823,66.43
22824,71.4
22825,70.54
22826,54.94
22827,56.61
22828,53.16
22829,59.04
22830,64.89
22831,42.8
22832,55.32
22833,51.96
22834,59.12
22835,55.36
22836,63.62
22837,61.67
22838,64.56
22839,60.08
22840,45.35
22841,45.79
22842,28.19
22843,40.64
22844,46.67
22845,44.36
22846,65.82
22847,55.5
22848,48.68
22849,38.99
22850,62.8
22851,56.98
22852,53.3
22853,48.98
22854,48.66
22855,42.98
22856,48.49
22857,54.19
22858,67.54
22859,85.7
22860,38.31
22861,24.48
22862,45.42
22863,50.95
22864,43.08
22865,46.38
22866,10.1
22867,43.17
22868,50.95
22869,49.38
22870,50.96
22871,40.36
22872,55.95
22873,70.49
22874,52.59
22875,62.92
22876,50.13
22877,46.08
22878,49.13
22879,55.83
22880,54.87
22881,62.63
22882,52.55
22883,39.32
22884,38.71
22885,59.07
22886,80.29
22887,46.92
22888,39.35
22889,48.24
22890,45.35
22891,44.37
22892,39.23
22893,44.83
22894,16.69
22895,44.62
22896,26.9
22897,24.15
22898,50.18
22899,45.44
22900,46.08
22901,54.12
22902,56.6
22903,50.16
22904,47.13
22905,46.38
22906,49.52
22907,66.78
22908,48.05
22909,50.06
22910,60.26
22911,54.19
22912,58.76
22913,63.4
22914,32.78
22915,42.05
22916,62.73
22917,52.01
22918,46.62
22919,41.08
22920,49.88
22921,28.77
22922,39.91
22923,36.7
22924,48.89
22925,27.64
22926,43.34
22927,47.23
22928,35.73
22929,42.21
22930,39.84
22931,48.56
22932,43.83
22933,48.02
22934,46.17
22935,46.36
22936,43.05
22937,47.32
22938,44.7
22939,38.78
22940,40.85
22941,58.43
22942,58.08
22943,57.89
22944,64.08
22945,55.44
22946,58.72
22947,60.26
22948,58.97
22949,60.24
22950,56.6
22951,60.59
22952,38.71
22953,51.96
22954,49.26
22955,46.59
22956,60.83
22957,83.83
22958,64.23
22959,68.85
22960,41.22
22961,49.92
22962,65.07
22963,72.03
22964,60.8
22965,41.13
22966,46.2
22967,111.29
22968,58.98
22969,72.72
22970,280.68
22971,242.58
22972,119.29
22973,94.69
22974,94.08
22975,66.46
22976,86.32
22977,85.29
22978,137.65
22979,326.74
22980,760.03
22981,754.88
22982,1305.81
22983,519.16
22984,371.23
22985,372.09
22986,309.9
22987,271.66
22988,233.27
22989,202.77
22990,169.49
22991,136.96
22992,130.84
22993,136.97
22994,99.92
22995,101.14
22996,97.39
22997,143.58
22998,132.49
22999,125.31
23000,139.08
23001,207.78
23002,268.94
23003,481.64
23004,331.55
23005,253.88
23006,227.72
23007,133.66
23008,130.28
23009,96.71
23010,109.86
23011,136.33
23012,110.89
23013,116.83
23014,172.28
23015,111.22
23016,101.98
23017,99.57
23018,82.63
23019,84.49
23020,113.63
23021,110.4
23022,161.23
23023,113.57
23024,134.06
23025,89.18
23026,104.44
23027,89.51
23028,78.04
23029,81.58
23030,77.74
23031,75.86
23032,78.04
23033,99.68
23034,110.24
23035,118.91
23036,104.33
23037,129.21
23038,132.82
23039,118.87
23040,111.78
23041,110.03
23042,123.15
23043,117.99
23044,141.49
23045,124.99
23046,113.19
23047,101.89
23048,95.88
23049,127.07
23050,123.06
23051,119.99
23052,134.17
23053,132.3
23054,83.34
23055,109.6
23056,111.6
23057,88.52
23058,108.59
23059,84.06
23060,87.87
23061,114.2
23062,91.52
23063,102.92
23064,104.44
23065,104.09
23066,114.85
23067,88.94
23068,111.67
23069,99.38
23070,86.57
23071,101.23
23072,104.35
23073,101.13
23074,100.08
23075,105.15
23076,148.79
23077,129.81
23078,131.78
23079,110.78
23080,116.63
23081,114.86
23082,86.74
23083,88.33
23084,120.23
23085,112.81
23086,112.84
23087,122.61
23088,105.24
23089,101.67
23090,171.46
23091,117.6
23092,135.86
23093,143.32
23094,114.88
23095,101.74
23096,104.32
23097,108.22
23098,110.7
23099,113.87
23100,122.27
23101,175.56
23102,137.34
23103,139.03
23104,133.61
23105,169.02
23106,166.87
23107,195.28
23108,175.89
23109,166.04
23110,164.66
23111,147.47
23112,141.85
23113,139.4
23114,127.78
23115,113.94
23116,117.27
23117,101.26
23118,111.8
23119,121.23
23120,87.89
23121,88.55
23122,84.63
23123,110.03
23124,81.53
23125,80.6
23126,80.26
23127,72.57
23128,70.16
23129,84.7
23130,75.04
23131,63.66
23132,73.59
23133,68.07
23134,76.11
23135,63.71
23136,65.5
23137,78.81
23138,90.32
23139,66.05
23140,93.47
23141,94.03
23142,80.81
23143,0.0
23144,84.96
23145,52.88
23146,50.06
23147,51.21
23148,54.49
23149,65.49
23150,58.11
23151,76.49
23152,72.5
23153,58.09
23154,58.79
23155,64.88
23156,56.26
23157,63.92
23158,67.91
23159,69.01
23160,56.72
23161,59.8
23162,56.23
23163,61.69
23164,52.31
23165,73.58
23166,64.06
23167,67.77
23168,59.07
23169,56.07
23170,33.37
23171,47.41
23172,69.17
23173,58.91
23174,55.04
23175,51.85
23176,57.99
23177,53.33
23178,44.06
23179,63.45
23180,51.8
23181,43.61
23182,51.59
23183,51.96
23184,64.69
23185,48.96
23186,71.24
23187,119.47
23188,105.27
23189,90.96
23190,60.85
23191,82.52
23192,45.02
23193,51.84
23194,46.43
23195,65.14
23196,32.74
23197,50.13
23198,55.17
23199,63.83
23200,63.81
23201,43.45
23202,0.0
23203,61.2
23204,49.62
23205,59.86
23206,55.37
23207,49.26
23208,52.72
23209,37.22
23210,55.76
23211,38.5
23212,60.05
23213,55.51
23214,57.97
23215,35.46
23216,60.03
23217,51.84
23218,56.79
23219,47.35
23220,47.49
23221,51.03
23222,43.05
23223,51.14
23224,44.39
23225,41.72
23226,54.76
23227,43.26
23228,99.61
23229,46.57
23230,46.38
23231,50.0
23232,32.01
23233,42.86
23234,55.1
23235,46.43
23236,43.36
23237,43.45
23238,58.34
23239,49.62
23240,45.66
23241,52.64
23242,52.97
23243,44.7
23244,55.43
23245,50.02
23246,41.16
23247,54.31
23248,64.7
23249,87.73
23250,44.22
23251,45.8
23252,21.6
23253,38.5
23254,38.57
23255,35.32
23256,48.56
23257,53.56
23258,30.65
23259,44.13
23260,37.5
23261,34.7
23262,36.27
23263,44.9
23264,59.49
23265,48.64
23266,50.39
23267,53.2
23268,51.05
23269,55.92
23270,34.94
23271,45.89
23272,48.44
23273,53.11
23274,50.02
23275,64.76
23276,55.6
23277,56.05
23278,51.17
23279,53.39
23280,62.96
23281,55.04
23282,51.56
23283,65.38
23284,68.03
23285,44.84
23286,54.07
23287,50.84
23288,44.01
23289,38.69
23290,54.29
23291,44.43
23292,29.15
23293,49.31
23294,43.61
23295,70.93
23296,46.13
23297,48.66
23298,56.28
23299,44.63
23300,42.32
23301,52.62
23302,39.98
23303,43.75
23304,42.4
23305,50.27
23306,59.63
23307,56.26
23308,41.03
23309,69.41
23310,53.56
23311,35.41
23312,53.89
23313,53.49
23314,44.62
23315,41.23
23316,33.32
23317,33.25
23318,32.15
23319,53.44
23320,47.93
23321,50.0
23322,52.71
23323,46.78
23324,44.9
23325,44.9
23326,54.14
23327,58.97
23328,38.03
23329,60.54
23330,58.98
23331,30.49
23332,57.31
23333,56.65
23334,114.15
23335,138.77
23336,83.38
23337,16.88
23338,34.52
23339,55.79
23340,75.36
23341,51.07
23342,30.04
23343,41.18
23344,0.0
23345,52.45
23346,43.01
23347,54.9
23348,33.67
23349,50.2
23350,59.86
23351,58.23
23352,55.27
23353,43.36
23354,45.21
23355,50.21
23356,43.12
23357,38.29
23358,61.51
23359,52.36
23360,43.48
23361,87.19
23362,66.06
23363,19.88
23364,27.15
23365,28.73
23366,36.34
23367,47.96
23368,44.6
23369,48.49
23370,30.83
23371,42.12
23372,51.38
23373,61.13
23374,124.68
23375,64.44
23376,49.12
23377,7.95
23378,24.22
23379,23.61
23380,15.52
23381,37.63
23382,59.68
23383,47.51
23384,54.17
23385,57.24
23386,45.51
23387,49.66
23388,46.43
23389,63.15
23390,43.15
23391,41.51
23392,58.16
23393,53.79
23394,48.68
23395,50.55
23396,58.39
23397,60.78
23398,48.78
23399,47.56
23400,45.84
23401,49.29
23402,56.54
23403,50.0
23404,53.74
23405,54.8
23406,47.15
23407,43.92
23408,45.72
23409,42.84
23410,52.29
23411,52.04
23412,79.49
23413,92.72
23414,54.0
23415,111.92
23416,104.19
23417,102.49
23418,80.01
23419,83.17
23420,97.01
23421,108.24
23422,131.52
23423,129.74
23424,99.0
23425,90.3
23426,84.25
23427,60.4
23428,71.52
23429,78.04
23430,74.71
23431,59.14
23432,54.87
23433,83.72
23434,209.35
23435,197.51
23436,118.07
23437,152.8
23438,329.29
23439,279.49
23440,251.0
23441,296.38
23442,225.13
23443,163.46
23444,181.73
23445,228.77
23446,198.21
23447,169.87
23448,157.6
23449,107.61
23450,114.67
23451,90.4
23452,110.7
23453,86.03
23454,87.07
23455,95.91
23456,76.66
23457,62.14
23458,76.31
23459,81.77
23460,58.09
23461,102.71
23462,90.98
23463,198.69
23464,383.04
23465,220.49
23466,233.9
23467,247.44
23468,197.14
23469,157.48
23470,158.99
23471,137.29
23472,129.27
23473,136.15
23474,126.96
23475,138.32
23476,117.17
23477,120.53
23478,91.55
23479,96.5
23480,106.2
23481,94.52
23482,83.88
23483,91.38
23484,86.43
23485,75.72
23486,74.61
23487,96.52
23488,62.85
23489,68.14
23490,71.62
23491,77.48
23492,57.05
23493,66.55
23494,63.17
23495,63.8
23496,65.61
23497,69.71
23498,69.65
23499,56.96
23500,61.06
23501,56.44
23502,66.88
23503,51.71
23504,67.28
23505,68.77
23506,43.97
23507,37.15
23508,76.49
23509,65.44
23510,66.52
23511,52.41
23512,64.7
23513,61.6
23514,55.81
23515,53.63
23516,54.63
23517,65.24
23518,52.99
23519,52.97
23520,48.33
23521,50.56
23522,53.47
23523,56.14
23524,54.5
23525,42.3
23526,39.13
23527,48.49
23528,50.84
23529,52.24
23530,43.64
23531,46.57
23532,45.8
23533,48.54
23534,42.72
23535,41.55
23536,52.34
23537,32.31
23538,55.32
23539,46.99
23540,44.83
23541,41.57
23542,41.81
23543,35.66
23544,43.38
23545,45.0
23546,44.48
23547,53.37
23548,47.62
23549,39.67
23550,45.26
23551,48.91
23552,59.3
23553,42.7
23554,41.46
23555,36.95
23556,41.11
23557,52.08
23558,35.43
23559,51.05
23560,39.13
23561,30.13
23562,40.45
23563,44.55
23564,48.59
23565,46.15
23566,47.91
23567,34.19
23568,24.15
23569,39.65
23570,49.34
23571,54.01
23572,46.52
23573,27.44
23574,32.19
23575,49.29
23576,55.57
23577,24.72
23578,48.17
23579,48.66
23580,41.23
23581,51.43
23582,47.81
23583,39.58
23584,43.27
23585,55.37
23586,32.87
23587,36.6
23588,51.94
23589,36.53
23590,66.66
23591,48.45
23592,43.99
23593,26.47
23594,23.38
23595,34.84
23596,35.62
23597,39.58
23598,42.75
23599,55.57
23600,45.07
23601,45.12
23602,43.61
23603,43.22
23604,41.76
23605,39.46
23606,38.97
23607,33.7
23608,42.09
23609,48.23
23610,39.02
23611,38.95
23612,40.76
23613,43.26
23614,56.61
23615,64.67
23616,39.53
23617,27.77
23618,38.58
23619,40.38
23620,52.57
23621,45.42
23622,33.62
23623,41.08
23624,41.16
23625,39.32
23626,36.86
23627,24.65
23628,33.51
23629,50.55
23630,43.69
23631,60.03
23632,53.98
23633,52.31
23634,15.81
23635,53.79
23636,44.39
23637,43.2
23638,45.33
23639,26.73
23640,27.02
23641,31.19
23642,68.47
23643,54.05
23644,69.03
23645,25.12
23646,38.27
23647,23.78
23648,22.91
23649,22.46
23650,24.83
23651,42.23
23652,47.67
23653,36.39
23654,35.39
23655,78.32
23656,75.86
23657,63.59
23658,56.94
23659,31.19
23660,25.7
23661,23.87
23662,43.62
23663,60.81
23664,59.3
23665,60.03
23666,55.48
23667,43.78
23668,38.76
23669,47.98
23670,48.26
23671,43.82
23672,57.99
23673,73.53
23674,119.38
23675,50.07
23676,49.71
23677,47.83
23678,39.56
23679,51.71
23680,67.58
23681,61.01
23682,50.74
23683,54.73
23684,49.83
23685,56.44
23686,54.89
23687,47.44
23688,47.93
23689,47.23
23690,49.05
23691,45.52
23692,45.92
23693,58.18
23694,40.57
23695,53.88
23696,31.65
23697,27.7
23698,59.09
23699,61.02
23700,78.08
23701,61.06
23702,81.95
23703,65.19
23704,56.33
23705,54.0
23706,40.76
23707,52.6
23708,67.34
23709,55.99
23710,82.57
23711,73.32
23712,60.73
23713,98.14
23714,157.91
23715,177.63
23716,290.44
23717,157.08
23718,160.89
23719,151.83
23720,204.12
23721,1160.19
23722,586.37
23723,324.11
23724,239.6
23725,187.45
23726,194.09
23727,316.82
23728,329.93
23729,511.24
23730,514.85
23731,442.37
23732,312.62
23733,266.5
23734,207.62
23735,199.27
23736,166.86
23737,160.56
23738,146.79
23739,133.12
23740,131.55
23741,121.39
23742,130.43
23743,119.5
23744,111.64
23745,105.9
23746,96.05
23747,70.68
23748,84.77
23749,89.36
23750,85.03
23751,96.03
23752,86.15
23753,95.11
23754,65.54
23755,69.27
23756,68.8
23757,82.92
23758,91.24
23759,82.63
23760,85.02
23761,109.6
23762,92.36
23763,91.45
23764,91.48
23765,82.52
23766,90.39
23767,106.11
23768,87.42
23769,82.52
23770,147.03
23771,55.65
23772,44.39
23773,60.59
23774,77.76
23775,87.18
23776,122.97
23777,129.7
23778,411.42
23779,736.7
23780,597.53
23781,849.4
23782,473.91
23783,372.4
23784,288.17
23785,238.41
23786,169.73
23787,165.36
23788,147.89
23789,153.15
23790,154.18
23791,124.96
23792,137.62
23793,138.66
23794,115.0
23795,135.19
23796,86.81
23797,82.21
23798,84.09
23799,88.5
23800,104.77
23801,109.9
23802,83.5
23803,69.38
23804,77.74
23805,76.82
23806,73.68
23807,64.01
23808,69.72
23809,76.77
23810,77.99
23811,88.66
23812,76.49
23813,75.15
23814,84.02
23815,76.68
23816,84.47
23817,48.33
23818,61.01
23819,80.05
23820,71.31
23821,47.18
23822,59.18
23823,62.14
23824,62.45
23825,78.39
23826,80.19
23827,73.51
23828,74.0
23829,79.16
23830,89.88
23831,73.3
23832,64.37
23833,61.6
23834,80.01
23835,62.4
23836,74.8
23837,70.11
23838,93.85
23839,72.91
23840,77.62
23841,74.78
23842,55.22
23843,67.28
23844,61.56
23845,74.61
23846,70.16
23847,62.59
23848,61.77
23849,54.05
23850,62.19
23851,66.55
23852,57.57
23853,60.85
23854,46.73
23855,56.46
23856,49.38
23857,52.1
23858,69.43
23859,57.59
23860,57.78
23861,61.01
23862,52.25
23863,50.86
23864,52.83
23865,63.05
23866,51.28
23867,50.93
23868,59.33
23869,57.54
23870,48.59
23871,51.17
23872,61.77
23873,60.0
23874,55.15
23875,51.99
23876,48.64
23877,58.34
23878,57.0
23879,50.89
23880,42.7
23881,68.21
23882,60.88
23883,60.59
23884,33.67
23885,35.6
23886,43.19
23887,54.85
23888,51.33
23889,50.07
23890,58.83
23891,39.82
23892,41.43
23893,48.1
23894,52.71
23895,44.58
23896,70.47
23897,57.73
23898,60.43
23899,61.37
23900,71.26
23901,42.73
23902,36.89
23903,46.9
23904,42.4
23905,49.1
23906,49.43
23907,51.47
23908,37.42
23909,49.67
23910,50.32
23911,39.51
23912,41.83
23913,40.92
23914,42.82
23915,43.82
23916,45.7
23917,58.36
23918,59.58
23919,33.11
23920,30.51
23921,33.51
23922,53.16
23923,51.97
23924,45.33
23925,36.88
23926,39.74
23927,31.71
23928,29.85
23929,28.4
23930,36.28
23931,37.12
23932,36.77
23933,39.14
23934,47.84
23935,43.82
23936,44.36
23937,47.65
23938,45.61
23939,48.71
23940,56.72
23941,49.57
23942,48.16
23943,37.15
23944,29.47
23945,38.69
23946,35.39
23947,28.54
23948,33.63
23949,33.74
23950,63.59
23951,64.09
23952,56.96
23953,58.97
23954,44.41
23955,47.08
23956,48.17
23957,40.29
23958,31.89
23959,27.84
23960,23.64
23961,38.39
23962,30.48
23963,40.12
23964,39.6
23965,12.55
23966,43.57
23967,35.39
23968,36.14
23969,40.92
23970,68.78
23971,44.63
23972,41.93
23973,31.71
23974,40.24
23975,36.49
23976,37.31
23977,37.87
23978,39.91
23979,46.12
23980,30.22
23981,45.68
23982,43.75
23983,44.18
23984,36.58
23985,37.71
23986,35.88
23987,34.89
23988,33.49
23989,28.12
23990,35.57
23991,38.08
23992,34.5
23993,47.18
23994,60.26
23995,52.57
23996,40.54
23997,31.63
23998,51.09
23999,19.18
24000,32.67
24001,31.44
24002,37.92
24003,53.0
24004,49.39
24005,58.69
24006,45.7
24007,48.07
24008,47.42
24009,57.52
24010,55.37
24011,33.18
24012,35.64
24013,46.36
24014,41.9
24015,35.66
24016,35.97
24017,15.41
24018,25.75
24019,28.25
24020,33.98
24021,40.33
24022,45.35
24023,49.29
24024,75.06
24025,70.6
24026,38.17
24027,39.53
24028,44.5
24029,43.64
24030,42.12
24031,22.79
24032,18.22
24033,15.78
24034,8.68
24035,40.03
24036,43.43
24037,34.63
24038,52.06
24039,55.51
24040,42.39
24041,45.11
24042,55.43
24043,31.78
24044,52.95
24045,58.39
24046,44.37
24047,53.3
24048,28.38
24049,37.83
24050,38.25
24051,29.55
24052,39.3
24053,53.7
24054,63.53
24055,66.95
24056,52.83
24057,54.94
24058,52.71
24059,43.85
24060,77.43
24061,50.93
24062,37.9
24063,32.46
24064,28.38
24065,41.23
24066,56.72
24067,52.03
24068,8.61
24069,49.34
24070,52.43
24071,33.53
24072,45.98
24073,51.7
24074,37.12
24075,52.22
24076,37.64
24077,45.0
24078,57.24
24079,50.53
24080,40.73
24081,75.53
24082,54.15
24083,63.66
24084,96.68
24085,136.61
24086,79.63
24087,94.43
24088,206.77
24089,93.89
24090,54.38
24091,86.83
24092,70.16
24093,85.12
24094,71.55
24095,91.8
24096,140.81
24097,161.5
24098,141.75
24099,131.41
24100,106.86
24101,92.43
24102,101.82
24103,83.22
24104,60.38
24105,45.96
24106,53.56
24107,56.23
24108,71.9
24109,79.3
24110,92.46
24111,142.26
24112,176.67
24113,141.4
24114,109.49
24115,113.03
24116,100.5
24117,102.21
24118,99.1
24119,221.34
24120,243.97
24121,229.62
24122,216.91
24123,516.16
24124,529.83
24125,721.32
24126,527.68
24127,360.23
24128,517.67
24129,722.84
24130,513.37
24131,397.44
24132,421.13
24133,283.83
24134,251.07
24135,359.2
24136,354.92
24137,301.98
24138,281.49
24139,238.05
24140,228.63
24141,209.47
24142,177.0
24143,167.48
24144,144.37
24145,167.71
24146,138.7
24147,143.42
24148,107.93
24149,131.48
24150,129.09
24151,130.85
24152,135.68
24153,120.5
24154,155.26
24155,231.44
24156,232.59
24157,219.97
24158,196.37
24159,188.98
24160,168.98
24161,175.17
24162,167.17
24163,163.68
24164,163.58
24165,169.18
24166,122.92
24167,113.7
24168,140.77
24169,180.37
24170,193.71
24171,591.76
24172,793.54
24173,652.31
24174,465.33
24175,388.58
24176,674.47
24177,915.71
24178,1047.75
24179,1348.8
24180,1120.63
24181,766.55
24182,534.76
24183,448.54
24184,380.81
24185,326.63
24186,346.63
24187,400.07
24188,369.87
24189,325.33
24190,296.18
24191,276.09
24192,274.54
24193,220.38
24194,210.43
24195,190.66
24196,252.05
24197,183.0
24198,191.44
24199,166.72
24200,160.34
24201,158.61
24202,181.31
24203,152.25
24204,126.65
24205,149.61
24206,169.58
24207,157.39
24208,160.32
24209,145.17
24210,152.28
24211,153.61
24212,152.12
24213,138.58
24214,147.47
24215,110.84
24216,120.57
24217,125.95
24218,115.35
24219,156.88
24220,130.75
24221,120.64
24222,101.91
24223,137.46
24224,138.26
24225,98.28
24226,112.55
24227,142.81
24228,109.37
24229,79.56
24230,83.9
24231,80.67
24232,83.85
24233,97.53
24234,89.72
24235,86.11
24236,90.04
24237,81.93
24238,93.23
24239,73.7
24240,86.46
24241,103.58
24242,102.0
24243,88.0
24244,101.09
24245,54.97
24246,70.42
24247,76.65
24248,103.1
24249,119.47
24250,85.31
24251,74.95
24252,62.84
24253,87.25
24254,86.2
24255,77.05
24256,77.81
24257,84.18
24258,71.83
24259,68.38
24260,71.92
24261,65.3
24262,60.69
24263,43.95
24264,76.21
24265,64.86
24266,65.94
24267,68.64
24268,87.68
24269,38.36
24270,36.13
24271,68.12
24272,61.09
24273,69.74
24274,77.03
24275,84.63
24276,57.55
24277,53.39
24278,79.89
24279,80.12
24280,78.01
24281,76.09
24282,46.59
24283,40.89
24284,47.63
24285,78.06
24286,77.6
24287,72.74
24288,69.13
24289,50.46
24290,37.22
24291,31.98
24292,37.1
24293,46.47
24294,49.12
24295,55.72
24296,68.73
24297,37.87
24298,33.11
24299,33.48
24300,45.8
24301,65.75
24302,58.03
24303,80.34
24304,28.16
24305,26.62
24306,55.81
24307,58.86
24308,66.2
24309,62.96
24310,53.54
24311,38.06
24312,38.74
24313,60.81
24314,60.03
24315,69.95
24316,64.65
24317,59.28
24318,38.29
24319,35.93
24320,35.57
24321,47.06
24322,37.12
24323,54.97
24324,60.9
24325,42.46
24326,49.38
24327,43.19
24328,41.46
24329,40.01
24330,39.19
24331,40.33
24332,29.81
24333,30.69
24334,63.71
24335,56.49
24336,61.77
24337,48.52
24338,49.81
24339,30.16
24340,29.19
24341,41.55
24342,55.83
24343,48.17
24344,44.65
24345,61.72
24346,40.69
24347,36.21
24348,45.52
24349,64.37
24350,40.55
24351,51.87
24352,48.49
24353,44.74
24354,23.31
24355,38.64
24356,47.56
24357,62.31
24358,36.91
24359,43.83
24360,66.88
24361,39.28
24362,42.82
24363,51.49
24364,71.21
24365,46.1
24366,6.82
24367,27.48
24368,41.03
24369,52.31
24370,31.14
24371,26.43
24372,29.54
24373,36.88
24374,34.73
24375,46.52
24376,71.4
24377,73.86
24378,70.18
24379,51.02
24380,47.49
24381,40.97
24382,48.03
24383,45.66
24384,33.62
24385,42.14
24386,24.86
24387,45.37
24388,28.66
24389,37.36
24390,34.91
24391,46.55
24392,47.76
24393,55.97
24394,113.43
24395,100.48
24396,98.28
24397,86.72
24398,51.63
24399,48.03
24400,51.35
24401,52.24
24402,20.17
24403,12.14
24404,50.02
24405,128.19
24406,135.98
24407,190.8
24408,149.42
24409,175.05
24410,350.47
24411,310.77
24412,250.63
24413,229.1
24414,117.99
24415,124.61
24416,86.2
24417,96.73
24418,100.79
24419,102.75
24420,88.26
24421,81.62
24422,72.37
24423,75.39
24424,76.61
24425,63.22
24426,67.41
24427,60.64
24428,57.59
24429,60.36
24430,152.4
24431,200.72
24432,158.44
24433,139.55
24434,146.53
24435,159.52
24436,149.8
24437,172.59
24438,152.93
24439,140.18
24440,98.65
24441,116.64
24442,95.46
24443,118.53
24444,107.07
24445,95.91
24446,77.88
24447,77.01
24448,95.21
24449,116.28
24450,135.77
24451,344.07
24452,262.4
24453,144.4
24454,182.67
24455,309.43
24456,1023.07
24457,615.0
24458,426.7
24459,325.34
24460,242.54
24461,204.69
24462,197.19
24463,156.88
24464,267.42
24465,217.07
24466,158.89
24467,156.78
24468,128.87
24469,141.17
24470,120.46
24471,129.96
24472,115.98
