$10/1/1995-12/31/2016 Squaw Creek temp-C (DLT temp),
,
JDAY,TIN
16710,14.56
16711,14.43
16712,14.31
16713,14.19
16714,14.07
16715,13.95
16716,13.84
16717,13.72
16718,13.61
16719,13.5
16720,13.4
16721,13.29
16722,13.19
16723,13.1
16724,13.0
16725,12.91
16726,12.83
16727,12.75
16728,12.68
16729,12.64
16730,12.6
16731,12.56
16732,12.52
16733,12.47
16734,12.43
16735,12.39
16736,12.36
16737,12.34
16738,12.32
16739,12.3
16740,12.28
16741,12.26
16742,12.24
16743,12.22
16744,12.19
16745,12.16
16746,12.1
16747,12.04
16748,11.95
16749,11.86
16750,11.75
16751,11.64
16752,11.52
16753,11.4
16754,11.27
16755,11.15
16756,11.03
16757,10.91
16758,10.78
16759,10.66
16760,10.53
16761,10.41
16762,10.29
16763,10.17
16764,10.06
16765,9.96
16766,9.88
16767,9.8
16768,9.73
16769,9.66
16770,9.61
16771,9.55
16772,9.49
16773,9.44
16774,9.38
16775,9.32
16776,9.26
16777,9.19
16778,9.13
16779,9.05
16780,8.97
16781,8.88
16782,8.78
16783,8.67
16784,8.56
16785,8.43
16786,8.31
16787,8.19
16788,8.08
16789,7.96
16790,7.86
16791,7.75
16792,7.65
16793,7.55
16794,7.46
16795,7.38
16796,7.3
16797,7.23
16798,7.17
16799,7.12
16800,7.07
16801,7.03
16802,7.0
16803,6.98
16804,6.97
16805,6.96
16806,6.95
16807,6.94
16808,6.93
16809,6.9
16810,6.86
16811,6.82
16812,6.76
16813,6.69
16814,6.62
16815,6.54
16816,6.46
16817,6.38
16818,6.31
16819,6.24
16820,6.18
16821,6.13
16822,6.09
16823,6.06
16824,6.03
16825,6.0
16826,5.99
16827,5.98
16828,5.97
16829,5.98
16830,5.99
16831,6.02
16832,6.05
16833,6.1
16834,6.15
16835,6.22
16836,6.3
16837,6.39
16838,6.48
16839,6.56
16840,6.65
16841,6.73
16842,6.8
16843,6.85
16844,6.9
16845,6.93
16846,6.96
16847,6.97
16848,6.98
16849,6.99
16850,7.0
16851,7.01
16852,7.02
16853,7.03
16854,7.04
16855,7.06
16856,7.08
16857,7.09
16858,7.11
16859,7.11
16860,7.12
16861,7.13
16862,7.13
16863,7.14
16864,7.16
16865,7.19
16866,7.24
16867,7.3
16868,7.37
16869,7.45
16870,7.54
16871,7.63
16872,7.72
16873,7.81
16874,7.88
16875,7.94
16876,7.99
16877,8.03
16878,8.06
16879,8.1
16880,8.13
16881,8.17
16882,8.21
16883,8.26
16884,8.31
16885,8.36
16886,8.42
16887,8.47
16888,8.52
16889,8.56
16890,8.6
16891,8.63
16892,8.65
16893,8.67
16894,8.69
16895,8.7
16896,8.72
16897,8.74
16898,8.76
16899,8.78
16900,8.8
16901,8.83
16902,8.86
16903,8.9
16904,8.93
16905,8.97
16906,9.0
16907,9.04
16908,9.08
16909,9.13
16910,9.17
16911,9.22
16912,9.27
16913,9.33
16914,9.39
16915,9.46
16916,9.53
16917,9.62
16918,9.71
16919,9.81
16920,9.92
16921,10.03
16922,10.16
16923,10.28
16924,10.4
16925,10.52
16926,10.62
16927,10.71
16928,10.79
16929,10.85
16930,10.9
16931,10.94
16932,10.98
16933,11.01
16934,11.05
16935,11.09
16936,11.13
16937,11.18
16938,11.23
16939,11.28
16940,11.33
16941,11.38
16942,11.42
16943,11.46
16944,11.48
16945,11.51
16946,11.55
16947,11.6
16948,11.68
16949,11.81
16950,11.99
16951,12.22
16952,12.49
16953,12.78
16954,12.84
16955,12.56
16956,12.19
16957,11.94
16958,11.85
16959,11.86
16960,11.91
16961,12.0
16962,12.11
16963,12.2
16964,12.22
16965,12.11
16966,11.84
16967,11.43
16968,11.03
16969,10.86
16970,10.95
16971,11.19
16972,11.51
16973,11.87
16974,12.26
16975,12.67
16976,13.09
16977,13.51
16978,13.94
16979,14.36
16980,14.77
16981,15.18
16982,15.57
16983,15.95
16984,16.32
16985,16.67
16986,17.0
16987,17.32
16988,17.61
16989,17.88
16990,18.12
16991,18.34
16992,18.53
16993,18.71
16994,18.88
16995,19.02
16996,19.14
16997,19.24
16998,19.33
16999,19.4
17000,19.47
17001,19.52
17002,19.57
17003,19.6
17004,19.63
17005,19.64
17006,19.64
17007,19.64
17008,19.63
17009,19.63
17010,19.63
17011,19.64
17012,19.67
17013,19.7
17014,19.74
17015,19.78
17016,19.82
17017,19.84
17018,19.85
17019,19.84
17020,19.82
17021,19.78
17022,19.74
17023,19.69
17024,19.64
17025,19.6
17026,19.57
17027,19.54
17028,19.52
17029,19.51
17030,19.51
17031,19.51
17032,19.51
17033,19.5
17034,19.47
17035,19.43
17036,19.37
17037,19.29
17038,19.2
17039,19.1
17040,18.99
17041,18.87
17042,18.75
17043,18.62
17044,18.5
17045,18.37
17046,18.23
17047,18.09
17048,17.95
17049,17.79
17050,17.62
17051,17.44
17052,17.24
17053,17.04
17054,16.83
17055,16.61
17056,16.38
17057,16.17
17058,15.96
17059,15.78
17060,15.64
17061,15.53
17062,15.45
17063,15.39
17064,15.35
17065,15.31
17066,15.27
17067,15.23
17068,15.19
17069,15.14
17070,15.08
17071,15.02
17072,14.96
17073,14.9
17074,14.85
17075,14.79
17076,14.75
17077,14.7
17078,14.65
17079,14.59
17080,14.5
17081,14.36
17082,14.19
17083,13.97
17084,13.73
17085,13.47
17086,13.22
17087,12.97
17088,12.72
17089,12.47
17090,12.23
17091,11.99
17092,11.75
17093,11.52
17094,11.3
17095,11.08
17096,10.88
17097,10.69
17098,10.51
17099,10.34
17100,10.19
17101,10.05
17102,9.93
17103,9.83
17104,9.74
17105,9.67
17106,9.62
17107,9.57
17108,9.53
17109,9.49
17110,9.47
17111,9.45
17112,9.44
17113,9.44
17114,9.45
17115,9.47
17116,9.5
17117,9.53
17118,9.55
17119,9.57
17120,9.58
17121,9.57
17122,9.56
17123,9.53
17124,9.49
17125,9.44
17126,9.39
17127,9.34
17128,9.29
17129,9.25
17130,9.21
17131,9.17
17132,9.14
17133,9.1
17134,9.07
17135,9.03
17136,8.99
17137,8.94
17138,8.87
17139,8.8
17140,8.72
17141,8.64
17142,8.55
17143,8.46
17144,8.38
17145,8.31
17146,8.24
17147,8.18
17148,8.14
17149,8.09
17150,8.06
17151,8.03
17152,8.0
17153,7.97
17154,7.95
17155,7.92
17156,7.89
17157,7.86
17158,7.81
17159,7.76
17160,7.71
17161,7.65
17162,7.59
17163,7.54
17164,7.49
17165,7.44
17166,7.4
17167,7.36
17168,7.32
17169,7.29
17170,7.25
17171,7.22
17172,7.18
17173,7.14
17174,7.09
17175,7.03
17176,6.97
17177,6.9
17178,6.83
17179,6.77
17180,6.71
17181,6.67
17182,6.64
17183,6.62
17184,6.62
17185,6.63
17186,6.65
17187,6.67
17188,6.69
17189,6.72
17190,6.74
17191,6.77
17192,6.79
17193,6.82
17194,6.84
17195,6.87
17196,6.89
17197,6.92
17198,6.93
17199,6.95
17200,6.96
17201,6.97
17202,6.98
17203,6.98
17204,6.98
17205,6.98
17206,6.97
17207,6.95
17208,6.92
17209,6.9
17210,6.88
17211,6.87
17212,6.87
17213,6.9
17214,6.93
17215,6.98
17216,7.03
17217,7.08
17218,7.14
17219,7.19
17220,7.25
17221,7.31
17222,7.37
17223,7.43
17224,7.51
17225,7.6
17226,7.7
17227,7.82
17228,7.95
17229,8.08
17230,8.22
17231,8.37
17232,8.52
17233,8.68
17234,8.84
17235,9.0
17236,9.17
17237,9.33
17238,9.49
17239,9.65
17240,9.79
17241,9.93
17242,10.07
17243,10.2
17244,10.33
17245,10.45
17246,10.56
17247,10.64
17248,10.7
17249,10.72
17250,10.72
17251,10.71
17252,10.7
17253,10.69
17254,10.68
17255,10.68
17256,10.69
17257,10.71
17258,10.72
17259,10.75
17260,10.77
17261,10.8
17262,10.84
17263,10.89
17264,10.94
17265,11.0
17266,11.08
17267,11.16
17268,11.25
17269,11.36
17270,11.47
17271,11.59
17272,11.72
17273,11.86
17274,12.0
17275,12.13
17276,12.27
17277,12.42
17278,12.56
17279,12.71
17280,12.87
17281,13.02
17282,13.19
17283,13.35
17284,13.53
17285,13.71
17286,13.91
17287,14.12
17288,14.34
17289,14.58
17290,14.84
17291,15.1
17292,15.36
17293,15.61
17294,15.86
17295,16.08
17296,16.29
17297,16.48
17298,16.65
17299,16.78
17300,16.89
17301,16.96
17302,17.02
17303,17.07
17304,17.11
17305,17.15
17306,17.18
17307,17.2
17308,17.22
17309,17.22
17310,17.21
17311,17.18
17312,17.14
17313,17.09
17314,17.03
17315,16.97
17316,16.91
17317,16.86
17318,16.82
17319,16.81
17320,16.82
17321,16.85
17322,16.91
17323,16.99
17324,17.09
17325,17.19
17326,17.3
17327,17.4
17328,17.5
17329,17.59
17330,17.66
17331,17.74
17332,17.8
17333,17.86
17334,17.93
17335,17.99
17336,18.05
17337,18.11
17338,18.16
17339,18.19
17340,18.21
17341,18.22
17342,18.2
17343,18.17
17344,18.14
17345,18.16
17346,18.25
17347,18.39
17348,18.56
17349,18.71
17350,18.85
17351,18.98
17352,19.09
17353,19.21
17354,19.32
17355,19.44
17356,19.55
17357,19.67
17358,19.8
17359,19.93
17360,20.07
17361,20.23
17362,20.42
17363,20.62
17364,20.81
17365,20.95
17366,21.06
17367,21.13
17368,21.18
17369,21.22
17370,21.24
17371,21.26
17372,21.27
17373,21.29
17374,21.3
17375,21.32
17376,21.33
17377,21.34
17378,21.34
17379,21.34
17380,21.33
17381,21.31
17382,21.29
17383,21.25
17384,21.2
17385,21.15
17386,21.09
17387,21.02
17388,20.95
17389,20.88
17390,20.81
17391,20.73
17392,20.65
17393,20.58
17394,20.5
17395,20.42
17396,20.33
17397,20.24
17398,20.14
17399,20.04
17400,19.93
17401,19.82
17402,19.72
17403,19.61
17404,19.5
17405,19.4
17406,19.3
17407,19.2
17408,19.11
17409,19.02
17410,18.93
17411,18.84
17412,18.75
17413,18.65
17414,18.55
17415,18.44
17416,18.32
17417,18.2
17418,18.08
17419,17.96
17420,17.84
17421,17.73
17422,17.62
17423,17.52
17424,17.42
17425,17.32
17426,17.22
17427,17.12
17428,17.02
17429,16.92
17430,16.81
17431,16.7
17432,16.58
17433,16.45
17434,16.32
17435,16.19
17436,16.05
17437,15.9
17438,15.75
17439,15.6
17440,15.45
17441,15.3
17442,15.15
17443,14.99
17444,14.84
17445,14.69
17446,14.53
17447,14.37
17448,14.21
17449,14.05
17450,13.88
17451,13.72
17452,13.56
17453,13.4
17454,13.24
17455,13.09
17456,12.96
17457,12.83
17458,12.72
17459,12.61
17460,12.52
17461,12.43
17462,12.35
17463,12.26
17464,12.18
17465,12.09
17466,11.99
17467,11.88
17468,11.77
17469,11.65
17470,11.53
17471,11.41
17472,11.28
17473,11.16
17474,11.04
17475,10.92
17476,10.81
17477,10.7
17478,10.6
17479,10.49
17480,10.39
17481,10.3
17482,10.21
17483,10.12
17484,10.03
17485,9.94
17486,9.86
17487,9.77
17488,9.69
17489,9.6
17490,9.52
17491,9.44
17492,9.36
17493,9.29
17494,9.21
17495,9.14
17496,9.06
17497,8.98
17498,8.9
17499,8.81
17500,8.71
17501,8.61
17502,8.51
17503,8.4
17504,8.29
17505,8.17
17506,8.04
17507,7.92
17508,7.78
17509,7.65
17510,7.51
17511,7.37
17512,7.24
17513,7.1
17514,6.97
17515,6.85
17516,6.73
17517,6.63
17518,6.54
17519,6.46
17520,6.4
17521,6.35
17522,6.32
17523,6.3
17524,6.29
17525,6.29
17526,6.31
17527,6.33
17528,6.36
17529,6.4
17530,6.45
17531,6.51
17532,6.57
17533,6.65
17534,6.74
17535,6.84
17536,6.96
17537,7.08
17538,7.2
17539,7.32
17540,7.45
17541,7.56
17542,7.67
17543,7.78
17544,7.88
17545,7.98
17546,8.07
17547,8.16
17548,8.24
17549,8.32
17550,8.4
17551,8.47
17552,8.54
17553,8.6
17554,8.65
17555,8.69
17556,8.72
17557,8.74
17558,8.74
17559,8.74
17560,8.73
17561,8.72
17562,8.7
17563,8.67
17564,8.64
17565,8.6
17566,8.56
17567,8.51
17568,8.46
17569,8.41
17570,8.35
17571,8.28
17572,8.22
17573,8.15
17574,8.09
17575,8.03
17576,7.98
17577,7.93
17578,7.88
17579,7.84
17580,7.8
17581,7.77
17582,7.73
17583,7.69
17584,7.65
17585,7.61
17586,7.58
17587,7.55
17588,7.53
17589,7.51
17590,7.5
17591,7.5
17592,7.51
17593,7.52
17594,7.54
17595,7.56
17596,7.58
17597,7.61
17598,7.63
17599,7.65
17600,7.66
17601,7.68
17602,7.69
17603,7.7
17604,7.72
17605,7.73
17606,7.74
17607,7.76
17608,7.78
17609,7.8
17610,7.82
17611,7.84
17612,7.86
17613,7.87
17614,7.88
17615,7.89
17616,7.9
17617,7.9
17618,7.9
17619,7.9
17620,7.9
17621,7.89
17622,7.89
17623,7.9
17624,7.91
17625,7.93
17626,7.96
17627,8.0
17628,8.06
17629,8.12
17630,8.19
17631,8.27
17632,8.35
17633,8.43
17634,8.51
17635,8.59
17636,8.67
17637,8.75
17638,8.83
17639,8.91
17640,8.98
17641,9.06
17642,9.14
17643,9.21
17644,9.29
17645,9.37
17646,9.45
17647,9.52
17648,9.58
17649,9.64
17650,9.68
17651,9.71
17652,9.74
17653,9.75
17654,9.75
17655,9.76
17656,9.75
17657,9.75
17658,9.75
17659,9.76
17660,9.77
17661,9.78
17662,9.79
17663,9.8
17664,9.81
17665,9.81
17666,9.81
17667,9.81
17668,9.82
17669,9.83
17670,9.85
17671,9.87
17672,9.91
17673,9.95
17674,9.99
17675,10.05
17676,10.11
17677,10.18
17678,10.25
17679,10.32
17680,10.39
17681,10.46
17682,10.53
17683,10.6
17684,10.68
17685,10.75
17686,10.84
17687,10.92
17688,11.01
17689,11.12
17690,11.22
17691,11.34
17692,11.45
17693,11.57
17694,11.69
17695,11.8
17696,11.9
17697,12.01
17698,12.1
17699,12.2
17700,12.31
17701,12.42
17702,12.53
17703,12.66
17704,12.79
17705,12.94
17706,13.09
17707,13.25
17708,13.42
17709,13.59
17710,13.77
17711,13.95
17712,14.14
17713,14.33
17714,14.52
17715,14.72
17716,14.92
17717,15.13
17718,15.35
17719,15.57
17720,15.79
17721,16.02
17722,16.24
17723,16.46
17724,16.68
17725,16.89
17726,17.09
17727,17.28
17728,17.45
17729,17.6
17730,17.73
17731,17.85
17732,17.95
17733,18.03
17734,18.11
17735,18.17
17736,18.22
17737,18.26
17738,18.28
17739,18.29
17740,18.27
17741,18.24
17742,18.19
17743,18.13
17744,18.06
17745,17.98
17746,17.91
17747,17.84
17748,17.77
17749,17.7
17750,17.62
17751,17.55
17752,17.49
17753,17.42
17754,17.36
17755,17.31
17756,17.26
17757,17.21
17758,17.18
17759,17.15
17760,17.13
17761,17.12
17762,17.12
17763,17.13
17764,17.15
17765,17.19
17766,17.24
17767,17.3
17768,17.36
17769,17.42
17770,17.48
17771,17.53
17772,17.56
17773,17.59
17774,17.62
17775,17.64
17776,17.65
17777,17.65
17778,17.65
17779,17.64
17780,17.61
17781,17.58
17782,17.53
17783,17.46
17784,17.39
17785,17.3
17786,17.19
17787,17.07
17788,16.92
17789,16.76
17790,16.58
17791,16.38
17792,16.18
17793,15.98
17794,15.78
17795,15.59
17796,15.4
17797,15.21
17798,15.03
17799,14.84
17800,14.65
17801,14.46
17802,14.27
17803,14.08
17804,13.88
17805,13.69
17806,13.49
17807,13.3
17808,13.11
17809,12.94
17810,12.76
17811,12.59
17812,12.42
17813,12.25
17814,12.09
17815,11.94
17816,11.81
17817,11.69
17818,11.58
17819,11.47
17820,11.37
17821,11.27
17822,11.17
17823,11.06
17824,10.96
17825,10.85
17826,10.74
17827,10.64
17828,10.54
17829,10.44
17830,10.35
17831,10.26
17832,10.17
17833,10.07
17834,9.97
17835,9.86
17836,9.74
17837,9.64
17838,9.54
17839,9.44
17840,9.35
17841,9.25
17842,9.17
17843,9.08
17844,9.0
17845,8.92
17846,8.85
17847,8.79
17848,8.73
17849,8.67
17850,8.62
17851,8.57
17852,8.52
17853,8.47
17854,8.42
17855,8.37
17856,8.32
17857,8.27
17858,8.21
17859,8.13
17860,8.03
17861,7.93
17862,7.81
17863,7.69
17864,7.57
17865,7.44
17866,7.32
17867,7.19
17868,7.05
17869,6.92
17870,6.78
17871,6.63
17872,6.48
17873,6.33
17874,6.17
17875,6.01
17876,5.86
17877,5.72
17878,5.6
17879,5.49
17880,5.4
17881,5.33
17882,5.27
17883,5.23
17884,5.19
17885,5.16
17886,5.14
17887,5.11
17888,5.09
17889,5.06
17890,5.03
17891,5.0
17892,4.96
17893,4.92
17894,4.89
17895,4.86
17896,4.84
17897,4.83
17898,4.83
17899,4.86
17900,4.9
17901,4.96
17902,5.04
17903,5.13
17904,5.22
17905,5.31
17906,5.4
17907,5.48
17908,5.55
17909,5.61
17910,5.67
17911,5.72
17912,5.76
17913,5.81
17914,5.85
17915,5.9
17916,5.94
17917,5.97
17918,6.01
17919,6.04
17920,6.06
17921,6.07
17922,6.07
17923,6.07
17924,6.05
17925,6.03
17926,6.0
17927,5.96
17928,5.93
17929,5.9
17930,5.88
17931,5.86
17932,5.86
17933,5.86
17934,5.87
17935,5.89
17936,5.92
17937,5.96
17938,6.01
17939,6.06
17940,6.11
17941,6.17
17942,6.23
17943,6.29
17944,6.35
17945,6.41
17946,6.47
17947,6.51
17948,6.55
17949,6.59
17950,6.61
17951,6.63
17952,6.65
17953,6.66
17954,6.68
17955,6.69
17956,6.71
17957,6.73
17958,6.75
17959,6.79
17960,6.82
17961,6.86
17962,6.9
17963,6.93
17964,6.97
17965,7.0
17966,7.03
17967,7.06
17968,7.08
17969,7.11
17970,7.13
17971,7.16
17972,7.18
17973,7.21
17974,7.24
17975,7.27
17976,7.29
17977,7.31
17978,7.33
17979,7.34
17980,7.34
17981,7.33
17982,7.32
17983,7.3
17984,7.29
17985,7.28
17986,7.27
17987,7.28
17988,7.31
17989,7.35
17990,7.4
17991,7.47
17992,7.54
17993,7.63
17994,7.71
17995,7.81
17996,7.91
17997,8.01
17998,8.11
17999,8.21
18000,8.32
18001,8.42
18002,8.53
18003,8.63
18004,8.73
18005,8.82
18006,8.91
18007,9.0
18008,9.07
18009,9.14
18010,9.2
18011,9.24
18012,9.28
18013,9.31
18014,9.33
18015,9.34
18016,9.35
18017,9.36
18018,9.38
18019,9.4
18020,9.42
18021,9.46
18022,9.51
18023,9.57
18024,9.64
18025,9.72
18026,9.82
18027,9.92
18028,10.04
18029,10.16
18030,10.29
18031,10.43
18032,10.56
18033,10.71
18034,10.85
18035,10.99
18036,11.14
18037,11.28
18038,11.42
18039,11.56
18040,11.69
18041,11.82
18042,11.94
18043,12.06
18044,12.17
18045,12.28
18046,12.4
18047,12.53
18048,12.66
18049,12.8
18050,12.94
18051,13.09
18052,13.24
18053,13.39
18054,13.55
18055,13.71
18056,13.88
18057,14.05
18058,14.23
18059,14.41
18060,14.6
18061,14.79
18062,14.99
18063,15.21
18064,15.42
18065,15.64
18066,15.86
18067,16.07
18068,16.26
18069,16.44
18070,16.61
18071,16.76
18072,16.9
18073,17.04
18074,17.16
18075,17.28
18076,17.4
18077,17.51
18078,17.63
18079,17.75
18080,17.86
18081,17.98
18082,18.08
18083,18.18
18084,18.26
18085,18.33
18086,18.39
18087,18.44
18088,18.49
18089,18.53
18090,18.58
18091,18.62
18092,18.67
18093,18.71
18094,18.75
18095,18.8
18096,18.85
18097,18.9
18098,18.95
18099,18.99
18100,19.02
18101,19.03
18102,19.03
18103,19.02
18104,19.0
18105,18.97
18106,18.95
18107,18.92
18108,18.9
18109,18.88
18110,18.86
18111,18.85
18112,18.84
18113,18.83
18114,18.82
18115,18.81
18116,18.8
18117,18.78
18118,18.76
18119,18.75
18120,18.73
18121,18.71
18122,18.69
18123,18.67
18124,18.65
18125,18.62
18126,18.59
18127,18.56
18128,18.52
18129,18.47
18130,18.41
18131,18.34
18132,18.26
18133,18.18
18134,18.09
18135,18.0
18136,17.92
18137,17.83
18138,17.75
18139,17.68
18140,17.6
18141,17.52
18142,17.44
18143,17.35
18144,17.26
18145,17.17
18146,17.09
18147,17.01
18148,16.93
18149,16.87
18150,16.82
18151,16.78
18152,16.75
18153,16.72
18154,16.68
18155,16.64
18156,16.58
18157,16.51
18158,16.42
18159,16.32
18160,16.2
18161,16.08
18162,15.96
18163,15.83
18164,15.7
18165,15.57
18166,15.44
18167,15.31
18168,15.17
18169,15.03
18170,14.88
18171,14.73
18172,14.57
18173,14.4
18174,14.22
18175,14.04
18176,13.86
18177,13.67
18178,13.49
18179,13.31
18180,13.14
18181,12.98
18182,12.82
18183,12.66
18184,12.51
18185,12.36
18186,12.2
18187,12.05
18188,11.89
18189,11.74
18190,11.59
18191,11.44
18192,11.29
18193,11.16
18194,11.03
18195,10.92
18196,10.83
18197,10.75
18198,10.69
18199,10.65
18200,10.62
18201,10.6
18202,10.59
18203,10.58
18204,10.57
18205,10.55
18206,10.52
18207,10.48
18208,10.44
18209,10.38
18210,10.31
18211,10.23
18212,10.14
18213,10.05
18214,9.95
18215,9.85
18216,9.75
18217,9.65
18218,9.54
18219,9.42
18220,9.29
18221,9.15
18222,9.01
18223,8.85
18224,8.68
18225,8.51
18226,8.34
18227,8.16
18228,7.98
18229,7.8
18230,7.63
18231,7.47
18232,7.31
18233,7.17
18234,7.03
18235,6.91
18236,6.79
18237,6.68
18238,6.57
18239,6.47
18240,6.37
18241,6.27
18242,6.17
18243,6.07
18244,5.98
18245,5.89
18246,5.81
18247,5.74
18248,5.67
18249,5.61
18250,5.55
18251,5.5
18252,5.46
18253,5.41
18254,5.37
18255,5.33
18256,5.3
18257,5.27
18258,5.25
18259,5.23
18260,5.22
18261,5.22
18262,5.22
18263,5.24
18264,5.27
18265,5.32
18266,5.37
18267,5.44
18268,5.52
18269,5.6
18270,5.7
18271,5.81
18272,5.92
18273,6.03
18274,6.15
18275,6.26
18276,6.37
18277,6.48
18278,6.58
18279,6.67
18280,6.76
18281,6.84
18282,6.91
18283,6.98
18284,7.04
18285,7.1
18286,7.16
18287,7.21
18288,7.25
18289,7.29
18290,7.33
18291,7.36
18292,7.39
18293,7.41
18294,7.43
18295,7.46
18296,7.48
18297,7.5
18298,7.52
18299,7.55
18300,7.57
18301,7.6
18302,7.62
18303,7.65
18304,7.67
18305,7.68
18306,7.7
18307,7.7
18308,7.71
18309,7.7
18310,7.7
18311,7.69
18312,7.68
18313,7.66
18314,7.65
18315,7.63
18316,7.61
18317,7.59
18318,7.57
18319,7.56
18320,7.55
18321,7.55
18322,7.56
18323,7.58
18324,7.6
18325,7.63
18326,7.66
18327,7.7
18328,7.74
18329,7.78
18330,7.82
18331,7.86
18332,7.9
18333,7.94
18334,7.99
18335,8.02
18336,8.06
18337,8.1
18338,8.15
18339,8.2
18340,8.25
18341,8.31
18342,8.37
18343,8.43
18344,8.49
18345,8.55
18346,8.61
18347,8.67
18348,8.72
18349,8.78
18350,8.83
18351,8.88
18352,8.93
18353,8.97
18354,9.01
18355,9.04
18356,9.07
18357,9.09
18358,9.11
18359,9.13
18360,9.15
18361,9.17
18362,9.19
18363,9.22
18364,9.25
18365,9.28
18366,9.31
18367,9.33
18368,9.35
18369,9.37
18370,9.39
18371,9.41
18372,9.43
18373,9.46
18374,9.49
18375,9.52
18376,9.55
18377,9.6
18378,9.64
18379,9.69
18380,9.73
18381,9.78
18382,9.82
18383,9.86
18384,9.89
18385,9.92
18386,9.95
18387,9.99
18388,10.04
18389,10.1
18390,10.17
18391,10.25
18392,10.35
18393,10.45
18394,10.57
18395,10.69
18396,10.81
18397,10.93
18398,11.04
18399,11.16
18400,11.28
18401,11.4
18402,11.52
18403,11.65
18404,11.79
18405,11.94
18406,12.1
18407,12.25
18408,12.4
18409,12.55
18410,12.69
18411,12.82
18412,12.94
18413,13.06
18414,13.18
18415,13.3
18416,13.44
18417,13.58
18418,13.74
18419,13.91
18420,14.09
18421,14.28
18422,14.48
18423,14.68
18424,14.9
18425,15.11
18426,15.34
18427,15.56
18428,15.8
18429,16.03
18430,16.26
18431,16.5
18432,16.72
18433,16.95
18434,17.16
18435,17.37
18436,17.56
18437,17.72
18438,17.84
18439,17.94
18440,18.01
18441,18.07
18442,18.12
18443,18.17
18444,18.22
18445,18.27
18446,18.32
18447,18.37
18448,18.42
18449,18.47
18450,18.51
18451,18.55
18452,18.59
18453,18.63
18454,18.66
18455,18.7
18456,18.74
18457,18.78
18458,18.84
18459,18.91
18460,18.99
18461,19.09
18462,19.21
18463,19.33
18464,19.46
18465,19.58
18466,19.7
18467,19.81
18468,19.91
18469,20.0
18470,20.08
18471,20.15
18472,20.2
18473,20.24
18474,20.27
18475,20.29
18476,20.29
18477,20.29
18478,20.27
18479,20.25
18480,20.22
18481,20.18
18482,20.13
18483,20.08
18484,20.01
18485,19.93
18486,19.84
18487,19.74
18488,19.63
18489,19.51
18490,19.39
18491,19.26
18492,19.12
18493,18.99
18494,18.85
18495,18.7
18496,18.56
18497,18.4
18498,18.25
18499,18.09
18500,17.93
18501,17.78
18502,17.63
18503,17.5
18504,17.37
18505,17.25
18506,17.14
18507,17.04
18508,16.95
18509,16.86
18510,16.78
18511,16.7
18512,16.63
18513,16.57
18514,16.51
18515,16.46
18516,16.4
18517,16.35
18518,16.29
18519,16.24
18520,16.19
18521,16.15
18522,16.12
18523,16.08
18524,16.05
18525,16.02
18526,15.98
18527,15.93
18528,15.87
18529,15.81
18530,15.73
18531,15.64
18532,15.54
18533,15.43
18534,15.3
18535,15.15
18536,15.0
18537,14.84
18538,14.67
18539,14.5
18540,14.33
18541,14.17
18542,14.0
18543,13.83
18544,13.65
18545,13.48
18546,13.29
18547,13.1
18548,12.9
18549,12.7
18550,12.49
18551,12.29
18552,12.09
18553,11.89
18554,11.7
18555,11.52
18556,11.35
18557,11.19
18558,11.03
18559,10.87
18560,10.72
18561,10.57
18562,10.42
18563,10.26
18564,10.09
18565,9.92
18566,9.73
18567,9.54
18568,9.35
18569,9.15
18570,8.95
18571,8.75
18572,8.55
18573,8.35
18574,8.16
18575,7.96
18576,7.78
18577,7.6
18578,7.42
18579,7.26
18580,7.1
18581,6.96
18582,6.83
18583,6.71
18584,6.62
18585,6.54
18586,6.47
18587,6.42
18588,6.38
18589,6.35
18590,6.33
18591,6.32
18592,6.33
18593,6.35
18594,6.37
18595,6.4
18596,6.43
18597,6.47
18598,6.5
18599,6.53
18600,6.55
18601,6.56
18602,6.56
18603,6.55
18604,6.53
18605,6.51
18606,6.47
18607,6.43
18608,6.38
18609,6.32
18610,6.26
18611,6.2
18612,6.14
18613,6.07
18614,6.0
18615,5.94
18616,5.87
18617,5.8
18618,5.73
18619,5.66
18620,5.6
18621,5.53
18622,5.48
18623,5.42
18624,5.37
18625,5.32
18626,5.27
18627,5.22
18628,5.17
18629,5.12
18630,5.07
18631,5.02
18632,4.97
18633,4.91
18634,4.86
18635,4.82
18636,4.79
18637,4.76
18638,4.74
18639,4.72
18640,4.71
18641,4.69
18642,4.67
18643,4.65
18644,4.62
18645,4.6
18646,4.57
18647,4.55
18648,4.54
18649,4.53
18650,4.54
18651,4.55
18652,4.56
18653,4.57
18654,4.59
18655,4.6
18656,4.61
18657,4.6
18658,4.59
18659,4.57
18660,4.55
18661,4.53
18662,4.51
18663,4.5
18664,4.5
18665,4.51
18666,4.54
18667,4.57
18668,4.62
18669,4.67
18670,4.73
18671,4.79
18672,4.86
18673,4.92
18674,4.99
18675,5.05
18676,5.13
18677,5.21
18678,5.3
18679,5.41
18680,5.53
18681,5.67
18682,5.81
18683,5.96
18684,6.11
18685,6.25
18686,6.39
18687,6.53
18688,6.66
18689,6.78
18690,6.9
18691,7.01
18692,7.11
18693,7.21
18694,7.3
18695,7.39
18696,7.48
18697,7.57
18698,7.65
18699,7.73
18700,7.8
18701,7.88
18702,7.95
18703,8.02
18704,8.08
18705,8.14
18706,8.19
18707,8.23
18708,8.26
18709,8.28
18710,8.3
18711,8.31
18712,8.31
18713,8.31
18714,8.3
18715,8.29
18716,8.28
18717,8.28
18718,8.28
18719,8.28
18720,8.29
18721,8.31
18722,8.33
18723,8.35
18724,8.37
18725,8.4
18726,8.44
18727,8.48
18728,8.53
18729,8.59
18730,8.65
18731,8.72
18732,8.8
18733,8.88
18734,8.97
18735,9.07
18736,9.17
18737,9.28
18738,9.38
18739,9.49
18740,9.59
18741,9.7
18742,9.8
18743,9.91
18744,10.02
18745,10.14
18746,10.25
18747,10.37
18748,10.49
18749,10.61
18750,10.72
18751,10.85
18752,10.97
18753,11.11
18754,11.24
18755,11.39
18756,11.55
18757,11.72
18758,11.9
18759,12.1
18760,12.31
18761,12.52
18762,12.74
18763,12.96
18764,13.18
18765,13.4
18766,13.61
18767,13.82
18768,14.02
18769,14.22
18770,14.4
18771,14.59
18772,14.78
18773,14.96
18774,15.14
18775,15.32
18776,15.49
18777,15.65
18778,15.8
18779,15.95
18780,16.08
18781,16.21
18782,16.33
18783,16.45
18784,16.56
18785,16.68
18786,16.8
18787,16.93
18788,17.06
18789,17.2
18790,17.34
18791,17.48
18792,17.63
18793,17.76
18794,17.89
18795,18.02
18796,18.13
18797,18.24
18798,18.36
18799,18.48
18800,18.6
18801,18.71
18802,18.83
18803,18.95
18804,19.07
18805,19.19
18806,19.3
18807,19.41
18808,19.51
18809,19.6
18810,19.67
18811,19.74
18812,19.8
18813,19.86
18814,19.91
18815,19.97
18816,20.03
18817,20.09
18818,20.16
18819,20.22
18820,20.29
18821,20.36
18822,20.42
18823,20.49
18824,20.55
18825,20.61
18826,20.66
18827,20.7
18828,20.74
18829,20.78
18830,20.81
18831,20.84
18832,20.86
18833,20.89
18834,20.92
18835,20.95
18836,20.99
18837,21.02
18838,21.05
18839,21.07
18840,21.08
18841,21.08
18842,21.07
18843,21.05
18844,21.02
18845,20.97
18846,20.92
18847,20.86
18848,20.79
18849,20.72
18850,20.64
18851,20.58
18852,20.51
18853,20.45
18854,20.4
18855,20.35
18856,20.3
18857,20.25
18858,20.2
18859,20.15
18860,20.1
18861,20.04
18862,19.98
18863,19.92
18864,19.85
18865,19.77
18866,19.69
18867,19.6
18868,19.5
18869,19.39
18870,19.28
18871,19.17
18872,19.06
18873,18.95
18874,18.85
18875,18.75
18876,18.65
18877,18.55
18878,18.46
18879,18.35
18880,18.24
18881,18.11
18882,17.98
18883,17.84
18884,17.69
18885,17.55
18886,17.4
18887,17.27
18888,17.14
18889,17.03
18890,16.92
18891,16.83
18892,16.74
18893,16.66
18894,16.57
18895,16.48
18896,16.37
18897,16.25
18898,16.12
18899,15.97
18900,15.82
18901,15.65
18902,15.49
18903,15.33
18904,15.17
18905,15.01
18906,14.86
18907,14.71
18908,14.57
18909,14.43
18910,14.29
18911,14.14
18912,13.99
18913,13.83
18914,13.66
18915,13.49
18916,13.31
18917,13.14
18918,12.97
18919,12.81
18920,12.65
18921,12.5
18922,12.36
18923,12.22
18924,12.07
18925,11.93
18926,11.78
18927,11.63
18928,11.48
18929,11.33
18930,11.19
18931,11.06
18932,10.93
18933,10.82
18934,10.72
18935,10.63
18936,10.56
18937,10.49
18938,10.42
18939,10.36
18940,10.3
18941,10.23
18942,10.15
18943,10.06
18944,9.96
18945,9.85
18946,9.74
18947,9.62
18948,9.5
18949,9.37
18950,9.25
18951,9.13
18952,9.02
18953,8.91
18954,8.8
18955,8.68
18956,8.57
18957,8.44
18958,8.31
18959,8.17
18960,8.02
18961,7.86
18962,7.7
18963,7.55
18964,7.4
18965,7.26
18966,7.14
18967,7.03
18968,6.94
18969,6.87
18970,6.82
18971,6.8
18972,6.79
18973,6.78
18974,6.79
18975,6.8
18976,6.81
18977,6.82
18978,6.84
18979,6.85
18980,6.87
18981,6.89
18982,6.91
18983,6.94
18984,6.98
18985,7.02
18986,7.08
18987,7.14
18988,7.2
18989,7.26
18990,7.31
18991,7.34
18992,7.37
18993,7.37
18994,7.36
18995,7.33
18996,7.29
18997,7.23
18998,7.15
18999,7.07
19000,6.97
19001,6.87
19002,6.76
19003,6.64
19004,6.52
19005,6.39
19006,6.26
19007,6.12
19008,5.97
19009,5.82
19010,5.67
19011,5.53
19012,5.39
19013,5.25
19014,5.13
19015,5.02
19016,4.93
19017,4.86
19018,4.81
19019,4.78
19020,4.77
19021,4.77
19022,4.8
19023,4.84
19024,4.9
19025,4.97
19026,5.05
19027,5.14
19028,5.25
19029,5.37
19030,5.49
19031,5.63
19032,5.78
19033,5.93
19034,6.09
19035,6.25
19036,6.41
19037,6.56
19038,6.7
19039,6.83
19040,6.95
19041,7.05
19042,7.14
19043,7.22
19044,7.29
19045,7.34
19046,7.38
19047,7.42
19048,7.44
19049,7.45
19050,7.45
19051,7.45
19052,7.44
19053,7.42
19054,7.4
19055,7.37
19056,7.34
19057,7.31
19058,7.28
19059,7.26
19060,7.25
19061,7.24
19062,7.24
19063,7.26
19064,7.28
19065,7.32
19066,7.36
19067,7.42
19068,7.49
19069,7.56
19070,7.65
19071,7.74
19072,7.84
19073,7.95
19074,8.07
19075,8.19
19076,8.32
19077,8.44
19078,8.57
19079,8.7
19080,8.82
19081,8.94
19082,9.06
19083,9.18
19084,9.28
19085,9.37
19086,9.45
19087,9.51
19088,9.56
19089,9.61
19090,9.65
19091,9.69
19092,9.73
19093,9.77
19094,9.81
19095,9.85
19096,9.89
19097,9.93
19098,9.96
19099,10.0
19100,10.03
19101,10.07
19102,10.11
19103,10.15
19104,10.2
19105,10.26
19106,10.32
19107,10.39
19108,10.46
19109,10.54
19110,10.63
19111,10.72
19112,10.81
19113,10.92
19114,11.03
19115,11.14
19116,11.25
19117,11.36
19118,11.46
19119,11.56
19120,11.67
19121,11.77
19122,11.87
19123,11.97
19124,12.07
19125,12.17
19126,12.27
19127,12.39
19128,12.51
19129,12.64
19130,12.78
19131,12.92
19132,13.07
19133,13.23
19134,13.39
19135,13.55
19136,13.72
19137,13.88
19138,14.03
19139,14.18
19140,14.33
19141,14.47
19142,14.62
19143,14.77
19144,14.93
19145,15.1
19146,15.27
19147,15.46
19148,15.65
19149,15.83
19150,16.02
19151,16.2
19152,16.38
19153,16.55
19154,16.73
19155,16.9
19156,17.07
19157,17.24
19158,17.41
19159,17.58
19160,17.76
19161,17.95
19162,18.14
19163,18.34
19164,18.54
19165,18.74
19166,18.93
19167,19.13
19168,19.32
19169,19.5
19170,19.68
19171,19.85
19172,20.02
19173,20.19
19174,20.35
19175,20.51
19176,20.66
19177,20.8
19178,20.93
19179,21.05
19180,21.16
19181,21.26
19182,21.34
19183,21.42
19184,21.49
19185,21.55
19186,21.6
19187,21.65
19188,21.69
19189,21.74
19190,21.78
19191,21.83
19192,21.87
19193,21.91
19194,21.94
19195,21.96
19196,21.98
19197,21.99
19198,21.98
19199,21.96
19200,21.93
19201,21.89
19202,21.85
19203,21.81
19204,21.77
19205,21.75
19206,21.72
19207,21.7
19208,21.68
19209,21.66
19210,21.62
19211,21.57
19212,21.52
19213,21.45
19214,21.38
19215,21.3
19216,21.21
19217,21.11
19218,21.01
19219,20.92
19220,20.82
19221,20.73
19222,20.65
19223,20.59
19224,20.53
19225,20.47
19226,20.41
19227,20.33
19228,20.25
19229,20.16
19230,20.05
19231,19.92
19232,19.79
19233,19.65
19234,19.51
19235,19.38
19236,19.25
19237,19.13
19238,19.01
19239,18.9
19240,18.79
19241,18.69
19242,18.59
19243,18.49
19244,18.39
19245,18.28
19246,18.16
19247,18.04
19248,17.92
19249,17.8
19250,17.67
19251,17.55
19252,17.44
19253,17.32
19254,17.21
19255,17.1
19256,16.98
19257,16.86
19258,16.73
19259,16.6
19260,16.46
19261,16.32
19262,16.17
19263,16.01
19264,15.85
19265,15.67
19266,15.48
19267,15.28
19268,15.07
19269,14.85
19270,14.63
19271,14.41
19272,14.18
19273,13.96
19274,13.75
19275,13.55
19276,13.36
19277,13.18
19278,13.01
19279,12.84
19280,12.67
19281,12.5
19282,12.32
19283,12.15
19284,11.96
19285,11.77
19286,11.58
19287,11.39
19288,11.19
19289,11.0
19290,10.82
19291,10.66
19292,10.5
19293,10.37
19294,10.24
19295,10.13
19296,10.01
19297,9.89
19298,9.76
19299,9.63
19300,9.49
19301,9.36
19302,9.23
19303,9.1
19304,8.98
19305,8.87
19306,8.77
19307,8.68
19308,8.61
19309,8.55
19310,8.49
19311,8.44
19312,8.39
19313,8.32
19314,8.23
19315,8.13
19316,8.03
19317,7.92
19318,7.82
19319,7.71
19320,7.61
19321,7.52
19322,7.43
19323,7.34
19324,7.27
19325,7.21
19326,7.16
19327,7.12
19328,7.09
19329,7.07
19330,7.05
19331,7.04
19332,7.03
19333,7.02
19334,7.01
19335,7.0
19336,6.99
19337,6.98
19338,6.96
19339,6.95
19340,6.94
19341,6.92
19342,6.92
19343,6.91
19344,6.91
19345,6.92
19346,6.92
19347,6.92
19348,6.91
19349,6.9
19350,6.88
19351,6.86
19352,6.82
19353,6.79
19354,6.75
19355,6.73
19356,6.71
19357,6.72
19358,6.74
19359,6.77
19360,6.81
19361,6.87
19362,6.93
19363,6.99
19364,7.05
19365,7.1
19366,7.15
19367,7.2
19368,7.24
19369,7.28
19370,7.31
19371,7.34
19372,7.38
19373,7.41
19374,7.45
19375,7.48
19376,7.51
19377,7.53
19378,7.55
19379,7.55
19380,7.54
19381,7.51
19382,7.47
19383,7.42
19384,7.35
19385,7.28
19386,7.2
19387,7.13
19388,7.07
19389,7.02
19390,6.98
19391,6.94
19392,6.92
19393,6.9
19394,6.88
19395,6.86
19396,6.84
19397,6.82
19398,6.79
19399,6.77
19400,6.76
19401,6.74
19402,6.73
19403,6.74
19404,6.75
19405,6.77
19406,6.8
19407,6.83
19408,6.88
19409,6.92
19410,6.97
19411,7.01
19412,7.06
19413,7.1
19414,7.15
19415,7.2
19416,7.25
19417,7.3
19418,7.35
19419,7.4
19420,7.45
19421,7.5
19422,7.55
19423,7.6
19424,7.66
19425,7.71
19426,7.77
19427,7.83
19428,7.9
19429,7.96
19430,8.03
19431,8.1
19432,8.17
19433,8.24
19434,8.29
19435,8.34
19436,8.38
19437,8.41
19438,8.42
19439,8.43
19440,8.42
19441,8.42
19442,8.41
19443,8.41
19444,8.42
19445,8.43
19446,8.44
19447,8.44
19448,8.45
19449,8.45
19450,8.44
19451,8.43
19452,8.42
19453,8.4
19454,8.36
19455,8.32
19456,8.27
19457,8.21
19458,8.13
19459,8.04
19460,7.94
19461,7.83
19462,7.72
19463,7.6
19464,7.47
19465,7.35
19466,7.23
19467,7.1
19468,6.97
19469,6.84
19470,6.71
19471,6.57
19472,6.44
19473,6.31
19474,6.19
19475,6.07
19476,5.96
19477,5.86
19478,5.77
19479,5.69
19480,5.62
19481,5.56
19482,5.52
19483,5.49
19484,5.48
19485,5.47
19486,5.47
19487,5.47
19488,5.48
19489,5.51
19490,5.58
19491,5.72
19492,5.96
19493,6.28
19494,6.65
19495,7.05
19496,7.43
19497,7.8
19498,8.15
19499,8.48
19500,8.82
19501,9.15
19502,9.49
19503,9.83
19504,10.19
19505,10.56
19506,10.94
19507,11.36
19508,11.79
19509,12.24
19510,12.67
19511,13.08
19512,13.42
19513,13.71
19514,13.96
19515,14.18
19516,14.37
19517,14.55
19518,14.71
19519,14.87
19520,15.02
19521,15.16
19522,15.3
19523,15.44
19524,15.58
19525,15.71
19526,15.84
19527,15.97
19528,16.09
19529,16.21
19530,16.33
19531,16.44
19532,16.55
19533,16.67
19534,16.79
19535,16.91
19536,17.03
19537,17.16
19538,17.29
19539,17.43
19540,17.57
19541,17.71
19542,17.86
19543,18.02
19544,18.19
19545,18.35
19546,18.52
19547,18.69
19548,18.86
19549,19.02
19550,19.18
19551,19.33
19552,19.47
19553,19.61
19554,19.75
19555,19.88
19556,20.01
19557,20.12
19558,20.21
19559,20.28
19560,20.34
19561,20.38
19562,20.4
19563,20.41
19564,20.4
19565,20.39
19566,20.35
19567,20.31
19568,20.25
19569,20.19
19570,20.11
19571,20.02
19572,19.92
19573,19.82
19574,19.71
19575,19.6
19576,19.49
19577,19.38
19578,19.28
19579,19.18
19580,19.09
19581,19.0
19582,18.92
19583,18.85
19584,18.78
19585,18.72
19586,18.67
19587,18.63
19588,18.6
19589,18.57
19590,18.56
19591,18.55
19592,18.54
19593,18.54
19594,18.52
19595,18.5
19596,18.47
19597,18.42
19598,18.36
19599,18.29
19600,18.21
19601,18.11
19602,18.01
19603,17.91
19604,17.8
19605,17.68
19606,17.57
19607,17.46
19608,17.34
19609,17.23
19610,17.13
19611,17.02
19612,16.91
19613,16.8
19614,16.7
19615,16.59
19616,16.49
19617,16.4
19618,16.32
19619,16.24
19620,16.18
19621,16.12
19622,16.08
19623,16.04
19624,16.0
19625,15.96
19626,15.91
19627,15.85
19628,15.78
19629,15.69
19630,15.59
19631,15.47
19632,15.33
19633,15.18
19634,15.02
19635,14.84
19636,14.67
19637,14.49
19638,14.32
19639,14.15
19640,13.98
19641,13.82
19642,13.66
19643,13.5
19644,13.35
19645,13.19
19646,13.03
19647,12.87
19648,12.72
19649,12.56
19650,12.41
19651,12.26
19652,12.12
19653,11.97
19654,11.82
19655,11.67
19656,11.53
19657,11.38
19658,11.24
19659,11.1
19660,10.96
19661,10.82
19662,10.68
19663,10.54
19664,10.4
19665,10.26
19666,10.11
19667,9.95
19668,9.8
19669,9.64
19670,9.49
19671,9.34
19672,9.21
19673,9.09
19674,8.99
19675,8.9
19676,8.82
19677,8.74
19678,8.67
19679,8.61
19680,8.55
19681,8.51
19682,8.48
19683,8.45
19684,8.43
19685,8.4
19686,8.36
19687,8.32
19688,8.27
19689,8.22
19690,8.16
19691,8.1
19692,8.03
19693,7.96
19694,7.9
19695,7.84
19696,7.79
19697,7.75
19698,7.71
19699,7.67
19700,7.63
19701,7.59
19702,7.54
19703,7.49
19704,7.44
19705,7.37
19706,7.3
19707,7.23
19708,7.15
19709,7.06
19710,6.97
19711,6.89
19712,6.8
19713,6.72
19714,6.65
19715,6.58
19716,6.52
19717,6.46
19718,6.42
19719,6.38
19720,6.34
19721,6.31
19722,6.29
19723,6.27
19724,6.26
19725,6.25
19726,6.24
19727,6.23
19728,6.22
19729,6.21
19730,6.22
19731,6.22
19732,6.23
19733,6.24
19734,6.25
19735,6.26
19736,6.27
19737,6.27
19738,6.26
19739,6.25
19740,6.23
19741,6.21
19742,6.19
19743,6.16
19744,6.13
19745,6.09
19746,6.05
19747,6.01
19748,5.97
19749,5.92
19750,5.88
19751,5.85
19752,5.81
19753,5.79
19754,5.77
19755,5.77
19756,5.78
19757,5.8
19758,5.83
19759,5.87
19760,5.93
19761,5.99
19762,6.07
19763,6.14
19764,6.22
19765,6.31
19766,6.39
19767,6.47
19768,6.56
19769,6.64
19770,6.71
19771,6.79
19772,6.87
19773,6.95
19774,7.03
19775,7.11
19776,7.19
19777,7.27
19778,7.35
19779,7.44
19780,7.52
19781,7.6
19782,7.67
19783,7.74
19784,7.81
19785,7.88
19786,7.94
19787,8.0
19788,8.06
19789,8.12
19790,8.19
19791,8.26
19792,8.32
19793,8.39
19794,8.45
19795,8.51
19796,8.57
19797,8.62
19798,8.67
19799,8.71
19800,8.74
19801,8.76
19802,8.79
19803,8.81
19804,8.83
19805,8.85
19806,8.88
19807,8.91
19808,8.94
19809,8.98
19810,9.03
19811,9.08
19812,9.12
19813,9.17
19814,9.21
19815,9.24
19816,9.28
19817,9.31
19818,9.33
19819,9.35
19820,9.37
19821,9.38
19822,9.4
19823,9.43
19824,9.47
19825,9.51
19826,9.56
19827,9.62
19828,9.69
19829,9.75
19830,9.82
19831,9.89
19832,9.96
19833,10.03
19834,10.1
19835,10.16
19836,10.23
19837,10.31
19838,10.38
19839,10.46
19840,10.55
19841,10.64
19842,10.74
19843,10.85
19844,10.96
19845,11.07
19846,11.17
19847,11.27
19848,11.35
19849,11.44
19850,11.51
19851,11.58
19852,11.65
19853,11.72
19854,11.78
19855,11.85
19856,11.92
19857,11.99
19858,12.07
19859,12.15
19860,12.24
19861,12.34
19862,12.45
19863,12.57
19864,12.71
19865,12.86
19866,13.01
19867,13.18
19868,13.34
19869,13.5
19870,13.66
19871,13.82
19872,13.97
19873,14.12
19874,14.28
19875,14.43
19876,14.6
19877,14.77
19878,14.95
19879,15.14
19880,15.34
19881,15.54
19882,15.74
19883,15.95
19884,16.15
19885,16.35
19886,16.55
19887,16.74
19888,16.94
19889,17.12
19890,17.31
19891,17.49
19892,17.67
19893,17.86
19894,18.05
19895,18.25
19896,18.46
19897,18.67
19898,18.87
19899,19.06
19900,19.24
19901,19.4
19902,19.54
19903,19.66
19904,19.76
19905,19.85
19906,19.92
19907,19.97
19908,20.02
19909,20.06
19910,20.1
19911,20.13
19912,20.17
19913,20.2
19914,20.24
19915,20.28
19916,20.32
19917,20.36
19918,20.39
19919,20.43
19920,20.45
19921,20.48
19922,20.49
19923,20.51
19924,20.52
19925,20.52
19926,20.52
19927,20.53
19928,20.53
19929,20.54
19930,20.55
19931,20.55
19932,20.56
19933,20.56
19934,20.56
19935,20.55
19936,20.54
19937,20.52
19938,20.49
19939,20.45
19940,20.41
19941,20.37
19942,20.32
19943,20.26
19944,20.21
19945,20.15
19946,20.09
19947,20.03
19948,19.96
19949,19.89
19950,19.82
19951,19.75
19952,19.68
19953,19.62
19954,19.55
19955,19.47
19956,19.39
19957,19.31
19958,19.23
19959,19.14
19960,19.05
19961,18.96
19962,18.87
19963,18.78
19964,18.69
19965,18.6
19966,18.51
19967,18.42
19968,18.33
19969,18.24
19970,18.14
19971,18.04
19972,17.94
19973,17.82
19974,17.7
19975,17.57
19976,17.42
19977,17.27
19978,17.11
19979,16.94
19980,16.78
19981,16.62
19982,16.47
19983,16.32
19984,16.18
19985,16.05
19986,15.92
19987,15.79
19988,15.66
19989,15.54
19990,15.42
19991,15.3
19992,15.19
19993,15.08
19994,14.98
19995,14.88
19996,14.79
19997,14.71
19998,14.63
19999,14.56
20000,14.48
20001,14.39
20002,14.29
20003,14.18
20004,14.05
20005,13.91
20006,13.75
20007,13.58
20008,13.4
20009,13.2
20010,12.99
20011,12.77
20012,12.54
20013,12.31
20014,12.07
20015,11.82
20016,11.58
20017,11.35
20018,11.11
20019,10.89
20020,10.68
20021,10.48
20022,10.3
20023,10.13
20024,9.98
20025,9.85
20026,9.73
20027,9.63
20028,9.55
20029,9.48
20030,9.43
20031,9.38
20032,9.34
20033,9.29
20034,9.24
20035,9.18
20036,9.11
20037,9.04
20038,8.96
20039,8.89
20040,8.81
20041,8.72
20042,8.63
20043,8.53
20044,8.42
20045,8.3
20046,8.16
20047,8.0
20048,7.82
20049,7.63
20050,7.44
20051,7.25
20052,7.07
20053,6.91
20054,6.78
20055,6.67
20056,6.59
20057,6.54
20058,6.5
20059,6.49
20060,6.49
20061,6.49
20062,6.5
20063,6.51
20064,6.52
20065,6.53
20066,6.53
20067,6.54
20068,6.54
20069,6.55
20070,6.57
20071,6.59
20072,6.61
20073,6.63
20074,6.64
20075,6.63
20076,6.62
20077,6.6
20078,6.57
20079,6.53
20080,6.49
20081,6.45
20082,6.39
20083,6.33
20084,6.28
20085,6.22
20086,6.17
20087,6.13
20088,6.1
20089,6.07
20090,6.06
20091,6.06
20092,6.07
20093,6.1
20094,6.14
20095,6.19
20096,6.24
20097,6.3
20098,6.35
20099,6.4
20100,6.44
20101,6.48
20102,6.51
20103,6.55
20104,6.58
20105,6.61
20106,6.64
20107,6.67
20108,6.7
20109,6.73
20110,6.75
20111,6.77
20112,6.79
20113,6.8
20114,6.8
20115,6.8
20116,6.8
20117,6.79
20118,6.78
20119,6.77
20120,6.76
20121,6.76
20122,6.76
20123,6.77
20124,6.78
20125,6.8
20126,6.83
20127,6.86
20128,6.9
20129,6.94
20130,6.98
20131,7.03
20132,7.08
20133,7.13
20134,7.19
20135,7.25
20136,7.31
20137,7.37
20138,7.44
20139,7.51
20140,7.58
20141,7.66
20142,7.74
20143,7.83
20144,7.91
20145,7.99
20146,8.07
20147,8.14
20148,8.21
20149,8.26
20150,8.31
20151,8.35
20152,8.38
20153,8.41
20154,8.43
20155,8.45
20156,8.46
20157,8.47
20158,8.47
20159,8.47
20160,8.47
20161,8.47
20162,8.47
20163,8.46
20164,8.45
20165,8.43
20166,8.42
20167,8.41
20168,8.39
20169,8.39
20170,8.39
20171,8.39
20172,8.41
20173,8.44
20174,8.47
20175,8.51
20176,8.56
20177,8.6
20178,8.65
20179,8.71
20180,8.76
20181,8.81
20182,8.87
20183,8.92
20184,8.98
20185,9.04
20186,9.1
20187,9.16
20188,9.22
20189,9.28
20190,9.34
20191,9.39
20192,9.45
20193,9.5
20194,9.55
20195,9.6
20196,9.64
20197,9.69
20198,9.73
20199,9.78
20200,9.82
20201,9.86
20202,9.9
20203,9.93
20204,9.96
20205,9.99
20206,10.01
20207,10.04
20208,10.06
20209,10.08
20210,10.11
20211,10.13
20212,10.15
20213,10.16
20214,10.18
20215,10.19
20216,10.21
20217,10.23
20218,10.25
20219,10.28
20220,10.32
20221,10.37
20222,10.43
20223,10.5
20224,10.59
20225,10.68
20226,10.79
20227,10.9
20228,11.02
20229,11.14
20230,11.26
20231,11.39
20232,11.5
20233,11.61
20234,11.71
20235,11.81
20236,11.91
20237,12.0
20238,12.11
20239,12.21
20240,12.32
20241,12.44
20242,12.55
20243,12.65
20244,12.75
20245,12.83
20246,12.9
20247,12.96
20248,13.02
20249,13.07
20250,13.12
20251,13.18
20252,13.25
20253,13.33
20254,13.42
20255,13.53
20256,13.65
20257,13.79
20258,13.93
20259,14.09
20260,14.25
20261,14.42
20262,14.59
20263,14.76
20264,14.93
20265,15.1
20266,15.27
20267,15.44
20268,15.62
20269,15.83
20270,16.05
20271,16.29
20272,16.54
20273,16.8
20274,17.05
20275,17.3
20276,17.54
20277,17.77
20278,17.98
20279,18.17
20280,18.35
20281,18.5
20282,18.64
20283,18.76
20284,18.88
20285,18.98
20286,19.08
20287,19.17
20288,19.26
20289,19.35
20290,19.42
20291,19.5
20292,19.56
20293,19.62
20294,19.67
20295,19.72
20296,19.75
20297,19.78
20298,19.8
20299,19.8
20300,19.8
20301,19.8
20302,19.79
20303,19.79
20304,19.78
20305,19.78
20306,19.77
20307,19.76
20308,19.74
20309,19.72
20310,19.69
20311,19.65
20312,19.6
20313,19.55
20314,19.48
20315,19.41
20316,19.33
20317,19.24
20318,19.15
20319,19.06
20320,18.96
20321,18.86
20322,18.76
20323,18.65
20324,18.53
20325,18.41
20326,18.29
20327,18.16
20328,18.02
20329,17.88
20330,17.73
20331,17.57
20332,17.41
20333,17.25
20334,17.08
20335,16.92
20336,16.75
20337,16.59
20338,16.44
20339,16.28
20340,16.13
20341,15.98
20342,15.83
20343,15.68
20344,15.54
20345,15.39
20346,15.25
20347,15.11
20348,14.98
20349,14.84
20350,14.71
20351,14.58
20352,14.45
20353,14.31
20354,14.18
20355,14.05
20356,13.92
20357,13.79
20358,13.67
20359,13.55
20360,13.43
20361,13.32
20362,13.21
20363,13.11
20364,13.01
20365,12.91
20366,12.83
20367,12.74
20368,12.66
20369,12.58
20370,12.51
20371,12.44
20372,12.37
20373,12.3
20374,12.24
20375,12.18
20376,12.11
20377,12.05
20378,11.99
20379,11.93
20380,11.86
20381,11.79
20382,11.71
20383,11.62
20384,11.51
20385,11.4
20386,11.28
20387,11.15
20388,11.02
20389,10.88
20390,10.75
20391,10.61
20392,10.47
20393,10.34
20394,10.21
20395,10.07
20396,9.94
20397,9.81
20398,9.68
20399,9.56
20400,9.43
20401,9.3
20402,9.17
20403,9.05
20404,8.93
20405,8.8
20406,8.68
20407,8.55
20408,8.42
20409,8.28
20410,8.14
20411,7.99
20412,7.84
20413,7.69
20414,7.53
20415,7.37
20416,7.21
20417,7.06
20418,6.91
20419,6.77
20420,6.63
20421,6.49
20422,6.36
20423,6.22
20424,6.09
20425,5.97
20426,5.85
20427,5.75
20428,5.67
20429,5.61
20430,5.58
20431,5.59
20432,5.62
20433,5.69
20434,5.78
20435,5.89
20436,6.01
20437,6.13
20438,6.26
20439,6.38
20440,6.49
20441,6.59
20442,6.7
20443,6.8
20444,6.9
20445,7.0
20446,7.11
20447,7.21
20448,7.32
20449,7.43
20450,7.54
20451,7.63
20452,7.69
20453,7.73
20454,7.75
20455,7.74
20456,7.72
20457,7.69
20458,7.64
20459,7.59
20460,7.53
20461,7.45
20462,7.38
20463,7.31
20464,7.24
20465,7.17
20466,7.11
20467,7.05
20468,6.99
20469,6.95
20470,6.9
20471,6.86
20472,6.83
20473,6.81
20474,6.79
20475,6.78
20476,6.77
20477,6.77
20478,6.77
20479,6.78
20480,6.8
20481,6.82
20482,6.84
20483,6.87
20484,6.89
20485,6.92
20486,6.94
20487,6.96
20488,6.96
20489,6.96
20490,6.94
20491,6.91
20492,6.87
20493,6.82
20494,6.76
20495,6.71
20496,6.66
20497,6.62
20498,6.59
20499,6.55
20500,6.53
20501,6.5
20502,6.47
20503,6.44
20504,6.41
20505,6.37
20506,6.34
20507,6.3
20508,6.27
20509,6.24
20510,6.22
20511,6.2
20512,6.19
20513,6.19
20514,6.21
20515,6.23
20516,6.25
20517,6.28
20518,6.3
20519,6.33
20520,6.35
20521,6.37
20522,6.39
20523,6.42
20524,6.44
20525,6.46
20526,6.49
20527,6.53
20528,6.57
20529,6.61
20530,6.65
20531,6.7
20532,6.76
20533,6.81
20534,6.87
20535,6.93
20536,7.0
20537,7.06
20538,7.13
20539,7.19
20540,7.26
20541,7.33
20542,7.39
20543,7.44
20544,7.5
20545,7.55
20546,7.59
20547,7.63
20548,7.68
20549,7.73
20550,7.78
20551,7.83
20552,7.89
20553,7.95
20554,8.02
20555,8.09
20556,8.16
20557,8.24
20558,8.32
20559,8.4
20560,8.48
20561,8.55
20562,8.62
20563,8.69
20564,8.76
20565,8.82
20566,8.89
20567,8.95
20568,9.02
20569,9.09
20570,9.15
20571,9.21
20572,9.27
20573,9.34
20574,9.39
20575,9.45
20576,9.5
20577,9.55
20578,9.59
20579,9.62
20580,9.64
20581,9.66
20582,9.67
20583,9.67
20584,9.66
20585,9.64
20586,9.63
20587,9.61
20588,9.59
20589,9.58
20590,9.58
20591,9.58
20592,9.6
20593,9.62
20594,9.65
20595,9.69
20596,9.73
20597,9.79
20598,9.86
20599,9.93
20600,10.02
20601,10.11
20602,10.22
20603,10.33
20604,10.46
20605,10.6
20606,10.75
20607,10.92
20608,11.1
20609,11.29
20610,11.5
20611,11.7
20612,11.91
20613,12.13
20614,12.34
20615,12.57
20616,12.79
20617,13.02
20618,13.25
20619,13.49
20620,13.72
20621,13.96
20622,14.19
20623,14.42
20624,14.65
20625,14.87
20626,15.09
20627,15.29
20628,15.5
20629,15.7
20630,15.9
20631,16.09
20632,16.28
20633,16.46
20634,16.64
20635,16.8
20636,16.95
20637,17.1
20638,17.23
20639,17.35
20640,17.46
20641,17.56
20642,17.65
20643,17.74
20644,17.83
20645,17.91
20646,18.0
20647,18.09
20648,18.18
20649,18.28
20650,18.37
20651,18.45
20652,18.53
20653,18.6
20654,18.65
20655,18.7
20656,18.75
20657,18.78
20658,18.81
20659,18.84
20660,18.86
20661,18.87
20662,18.89
20663,18.9
20664,18.9
20665,18.89
20666,18.87
20667,18.84
20668,18.81
20669,18.76
20670,18.7
20671,18.64
20672,18.57
20673,18.5
20674,18.42
20675,18.35
20676,18.27
20677,18.21
20678,18.15
20679,18.09
20680,18.04
20681,17.99
20682,17.94
20683,17.88
20684,17.82
20685,17.75
20686,17.67
20687,17.6
20688,17.52
20689,17.45
20690,17.37
20691,17.3
20692,17.23
20693,17.17
20694,17.11
20695,17.05
20696,17.0
20697,16.94
20698,16.87
20699,16.8
20700,16.71
20701,16.61
20702,16.5
20703,16.37
20704,16.24
20705,16.1
20706,15.96
20707,15.81
20708,15.67
20709,15.52
20710,15.38
20711,15.24
20712,15.11
20713,14.98
20714,14.84
20715,14.7
20716,14.56
20717,14.42
20718,14.27
20719,14.12
20720,13.97
20721,13.83
20722,13.69
20723,13.56
20724,13.44
20725,13.32
20726,13.21
20727,13.11
20728,13.01
20729,12.91
20730,12.8
20731,12.68
20732,12.56
20733,12.43
20734,12.29
20735,12.16
20736,12.01
20737,11.87
20738,11.72
20739,11.58
20740,11.42
20741,11.27
20742,11.12
20743,10.96
20744,10.81
20745,10.66
20746,10.51
20747,10.37
20748,10.23
20749,10.1
20750,9.98
20751,9.87
20752,9.77
20753,9.68
20754,9.59
20755,9.51
20756,9.43
20757,9.35
20758,9.27
20759,9.2
20760,9.13
20761,9.07
20762,9.02
20763,8.97
20764,8.93
20765,8.89
20766,8.85
20767,8.81
20768,8.75
20769,8.69
20770,8.6
20771,8.51
20772,8.4
20773,8.27
20774,8.13
20775,7.97
20776,7.8
20777,7.62
20778,7.43
20779,7.25
20780,7.08
20781,6.92
20782,6.77
20783,6.63
20784,6.5
20785,6.38
20786,6.25
20787,6.12
20788,6.01
20789,5.91
20790,5.83
20791,5.78
20792,5.74
20793,5.71
20794,5.68
20795,5.66
20796,5.63
20797,5.61
20798,5.61
20799,5.61
20800,5.63
20801,5.66
20802,5.7
20803,5.73
20804,5.77
20805,5.8
20806,5.82
20807,5.84
20808,5.84
20809,5.84
20810,5.81
20811,5.78
20812,5.74
20813,5.7
20814,5.66
20815,5.63
20816,5.6
20817,5.57
20818,5.53
20819,5.49
20820,5.43
20821,5.36
20822,5.27
20823,5.17
20824,5.07
20825,4.96
20826,4.85
20827,4.75
20828,4.65
20829,4.56
20830,4.47
20831,4.39
20832,4.31
20833,4.24
20834,4.18
20835,4.11
20836,4.05
20837,4.0
20838,3.95
20839,3.92
20840,3.9
20841,3.89
20842,3.91
20843,3.96
20844,4.03
20845,4.12
20846,4.24
20847,4.36
20848,4.49
20849,4.62
20850,4.75
20851,4.87
20852,4.98
20853,5.09
20854,5.2
20855,5.3
20856,5.4
20857,5.5
20858,5.59
20859,5.69
20860,5.79
20861,5.88
20862,5.96
20863,6.04
20864,6.11
20865,6.17
20866,6.22
20867,6.26
20868,6.3
20869,6.33
20870,6.36
20871,6.39
20872,6.43
20873,6.47
20874,6.53
20875,6.6
20876,6.67
20877,6.76
20878,6.86
20879,6.95
20880,7.06
20881,7.16
20882,7.27
20883,7.38
20884,7.5
20885,7.61
20886,7.73
20887,7.85
20888,7.97
20889,8.08
20890,8.2
20891,8.31
20892,8.42
20893,8.51
20894,8.6
20895,8.68
20896,8.75
20897,8.82
20898,8.89
20899,8.95
20900,9.02
20901,9.09
20902,9.16
20903,9.22
20904,9.29
20905,9.35
20906,9.4
20907,9.45
20908,9.49
20909,9.53
20910,9.57
20911,9.61
20912,9.64
20913,9.68
20914,9.71
20915,9.74
20916,9.77
20917,9.79
20918,9.82
20919,9.85
20920,9.89
20921,9.93
20922,9.99
20923,10.06
20924,10.13
20925,10.21
20926,10.29
20927,10.37
20928,10.46
20929,10.56
20930,10.66
20931,10.79
20932,10.92
20933,11.08
20934,11.24
20935,11.42
20936,11.61
20937,11.79
20938,11.99
20939,12.18
20940,12.39
20941,12.6
20942,12.81
20943,13.01
20944,13.22
20945,13.41
20946,13.58
20947,13.75
20948,13.91
20949,14.06
20950,14.2
20951,14.34
20952,14.48
20953,14.62
20954,14.77
20955,14.92
20956,15.08
20957,15.23
20958,15.39
20959,15.54
20960,15.69
20961,15.84
20962,15.98
20963,16.12
20964,16.25
20965,16.37
20966,16.48
20967,16.58
20968,16.69
20969,16.8
20970,16.92
20971,17.04
20972,17.17
20973,17.31
20974,17.45
20975,17.59
20976,17.72
20977,17.85
20978,17.96
20979,18.06
20980,18.15
20981,18.23
20982,18.29
20983,18.36
20984,18.42
20985,18.49
20986,18.56
20987,18.64
20988,18.73
20989,18.82
20990,18.92
20991,19.03
20992,19.13
20993,19.24
20994,19.34
20995,19.43
20996,19.52
20997,19.61
20998,19.69
20999,19.76
21000,19.84
21001,19.91
21002,19.98
21003,20.05
21004,20.11
21005,20.17
21006,20.23
21007,20.29
21008,20.35
21009,20.42
21010,20.48
21011,20.53
21012,20.58
21013,20.62
21014,20.66
21015,20.68
21016,20.69
21017,20.7
21018,20.7
21019,20.7
21020,20.7
21021,20.69
21022,20.69
21023,20.68
21024,20.66
21025,20.64
21026,20.61
21027,20.57
21028,20.53
21029,20.47
21030,20.42
21031,20.36
21032,20.29
21033,20.22
21034,20.14
21035,20.05
21036,19.96
21037,19.87
21038,19.79
21039,19.71
21040,19.64
21041,19.59
21042,19.54
21043,19.5
21044,19.47
21045,19.45
21046,19.42
21047,19.41
21048,19.41
21049,19.41
21050,19.43
21051,19.45
21052,19.47
21053,19.49
21054,19.5
21055,19.52
21056,19.52
21057,19.52
21058,19.5
21059,19.48
21060,19.45
21061,19.4
21062,19.33
21063,19.24
21064,19.14
21065,19.02
21066,18.88
21067,18.73
21068,18.56
21069,18.38
21070,18.18
21071,17.97
21072,17.75
21073,17.52
21074,17.28
21075,17.04
21076,16.79
21077,16.53
21078,16.27
21079,16.02
21080,15.76
21081,15.51
21082,15.25
21083,15.0
21084,14.75
21085,14.51
21086,14.27
21087,14.04
21088,13.82
21089,13.61
21090,13.42
21091,13.24
21092,13.07
21093,12.91
21094,12.76
21095,12.62
21096,12.48
21097,12.36
21098,12.24
21099,12.13
21100,12.02
21101,11.92
21102,11.83
21103,11.74
21104,11.66
21105,11.59
21106,11.52
21107,11.47
21108,11.41
21109,11.37
21110,11.32
21111,11.27
21112,11.23
21113,11.17
21114,11.11
21115,11.04
21116,10.97
21117,10.89
21118,10.81
21119,10.73
21120,10.64
21121,10.56
21122,10.48
21123,10.41
21124,10.34
21125,10.27
21126,10.2
21127,10.13
21128,10.05
21129,9.96
21130,9.85
21131,9.72
21132,9.56
21133,9.39
21134,9.21
21135,9.02
21136,8.82
21137,8.63
21138,8.43
21139,8.23
21140,8.03
21141,7.85
21142,7.67
21143,7.49
21144,7.31
21145,7.14
21146,6.97
21147,6.79
21148,6.61
21149,6.42
21150,6.24
21151,6.07
21152,5.91
21153,5.76
21154,5.64
21155,5.53
21156,5.44
21157,5.37
21158,5.31
21159,5.27
21160,5.24
21161,5.22
21162,5.21
21163,5.2
21164,5.19
21165,5.17
21166,5.14
21167,5.11
21168,5.07
21169,5.02
21170,4.96
21171,4.9
21172,4.84
21173,4.78
21174,4.75
21175,4.72
21176,4.72
21177,4.73
21178,4.75
21179,4.77
21180,4.79
21181,4.82
21182,4.83
21183,4.85
21184,4.86
21185,4.87
21186,4.88
21187,4.89
21188,4.9
21189,4.92
21190,4.94
21191,4.96
21192,4.99
21193,5.02
21194,5.05
21195,5.07
21196,5.09
21197,5.1
21198,5.1
21199,5.1
21200,5.09
21201,5.07
21202,5.04
21203,5.01
21204,4.97
21205,4.94
21206,4.9
21207,4.88
21208,4.85
21209,4.84
21210,4.83
21211,4.83
21212,4.85
21213,4.88
21214,4.92
21215,4.97
21216,5.04
21217,5.1
21218,5.18
21219,5.26
21220,5.34
21221,5.42
21222,5.5
21223,5.58
21224,5.65
21225,5.73
21226,5.8
21227,5.88
21228,5.97
21229,6.06
21230,6.15
21231,6.25
21232,6.33
21233,6.42
21234,6.49
21235,6.56
21236,6.62
21237,6.67
21238,6.72
21239,6.77
21240,6.82
21241,6.87
21242,6.93
21243,6.98
21244,7.04
21245,7.09
21246,7.15
21247,7.2
21248,7.24
21249,7.29
21250,7.33
21251,7.37
21252,7.4
21253,7.44
21254,7.47
21255,7.51
21256,7.54
21257,7.57
21258,7.6
21259,7.63
21260,7.65
21261,7.67
21262,7.68
21263,7.7
21264,7.71
21265,7.73
21266,7.75
21267,7.77
21268,7.8
21269,7.83
21270,7.86
21271,7.9
21272,7.95
21273,8.0
21274,8.06
21275,8.13
21276,8.19
21277,8.25
21278,8.31
21279,8.38
21280,8.44
21281,8.5
21282,8.56
21283,8.61
21284,8.66
21285,8.71
21286,8.77
21287,8.82
21288,8.88
21289,8.94
21290,8.99
21291,9.04
21292,9.09
21293,9.13
21294,9.18
21295,9.23
21296,9.28
21297,9.34
21298,9.39
21299,9.44
21300,9.49
21301,9.55
21302,9.6
21303,9.67
21304,9.74
21305,9.83
21306,9.92
21307,10.03
21308,10.15
21309,10.27
21310,10.4
21311,10.53
21312,10.66
21313,10.77
21314,10.88
21315,10.97
21316,11.06
21317,11.13
21318,11.2
21319,11.26
21320,11.32
21321,11.39
21322,11.46
21323,11.53
21324,11.62
21325,11.71
21326,11.8
21327,11.9
21328,12.01
21329,12.11
21330,12.22
21331,12.33
21332,12.44
21333,12.55
21334,12.67
21335,12.8
21336,12.94
21337,13.1
21338,13.28
21339,13.48
21340,13.7
21341,13.94
21342,14.18
21343,14.43
21344,14.68
21345,14.93
21346,15.17
21347,15.4
21348,15.63
21349,15.86
21350,16.09
21351,16.32
21352,16.55
21353,16.78
21354,17.02
21355,17.25
21356,17.48
21357,17.71
21358,17.93
21359,18.15
21360,18.36
21361,18.57
21362,18.77
21363,18.97
21364,19.16
21365,19.34
21366,19.53
21367,19.7
21368,19.87
21369,20.04
21370,20.19
21371,20.33
21372,20.46
21373,20.56
21374,20.65
21375,20.72
21376,20.76
21377,20.79
21378,20.81
21379,20.81
21380,20.8
21381,20.79
21382,20.77
21383,20.75
21384,20.73
21385,20.69
21386,20.65
21387,20.6
21388,20.55
21389,20.5
21390,20.44
21391,20.39
21392,20.34
21393,20.29
21394,20.26
21395,20.23
21396,20.22
21397,20.21
21398,20.23
21399,20.25
21400,20.28
21401,20.32
21402,20.36
21403,20.4
21404,20.43
21405,20.45
21406,20.47
21407,20.47
21408,20.47
21409,20.45
21410,20.43
21411,20.41
21412,20.37
21413,20.33
21414,20.29
21415,20.23
21416,20.16
21417,20.08
21418,19.99
21419,19.9
21420,19.79
21421,19.68
21422,19.56
21423,19.43
21424,19.3
21425,19.17
21426,19.03
21427,18.9
21428,18.77
21429,18.64
21430,18.51
21431,18.39
21432,18.26
21433,18.13
21434,18.0
21435,17.86
21436,17.71
21437,17.57
21438,17.42
21439,17.27
21440,17.11
21441,16.96
21442,16.8
21443,16.65
21444,16.51
21445,16.36
21446,16.22
21447,16.08
21448,15.94
21449,15.8
21450,15.66
21451,15.52
21452,15.38
21453,15.23
21454,15.09
21455,14.95
21456,14.8
21457,14.65
21458,14.51
21459,14.36
21460,14.21
21461,14.07
21462,13.93
21463,13.79
21464,13.66
21465,13.52
21466,13.38
21467,13.23
21468,13.09
21469,12.93
21470,12.78
21471,12.62
21472,12.46
21473,12.3
21474,12.14
21475,11.99
21476,11.85
21477,11.72
21478,11.6
21479,11.48
21480,11.38
21481,11.28
21482,11.18
21483,11.08
21484,10.98
21485,10.87
21486,10.76
21487,10.66
21488,10.56
21489,10.46
21490,10.36
21491,10.27
21492,10.18
21493,10.1
21494,10.02
21495,9.93
21496,9.84
21497,9.74
21498,9.63
21499,9.52
21500,9.41
21501,9.3
21502,9.19
21503,9.08
21504,8.98
21505,8.88
21506,8.79
21507,8.7
21508,8.61
21509,8.52
21510,8.42
21511,8.31
21512,8.19
21513,8.05
21514,7.91
21515,7.75
21516,7.59
21517,7.43
21518,7.27
21519,7.1
21520,6.93
21521,6.75
21522,6.57
21523,6.39
21524,6.21
21525,6.01
21526,5.82
21527,5.63
21528,5.43
21529,5.25
21530,5.06
21531,4.89
21532,4.73
21533,4.59
21534,4.46
21535,4.34
21536,4.25
21537,4.16
21538,4.09
21539,4.03
21540,3.98
21541,3.94
21542,3.91
21543,3.88
21544,3.87
21545,3.87
21546,3.89
21547,3.91
21548,3.95
21549,4.01
21550,4.07
21551,4.14
21552,4.21
21553,4.27
21554,4.33
21555,4.39
21556,4.45
21557,4.5
21558,4.56
21559,4.61
21560,4.67
21561,4.72
21562,4.77
21563,4.82
21564,4.86
21565,4.9
21566,4.94
21567,4.97
21568,5.0
21569,5.03
21570,5.06
21571,5.1
21572,5.13
21573,5.16
21574,5.2
21575,5.24
21576,5.28
21577,5.31
21578,5.33
21579,5.35
21580,5.35
21581,5.35
21582,5.34
21583,5.32
21584,5.3
21585,5.29
21586,5.28
21587,5.27
21588,5.28
21589,5.3
21590,5.33
21591,5.37
21592,5.42
21593,5.47
21594,5.52
21595,5.57
21596,5.62
21597,5.66
21598,5.7
21599,5.74
21600,5.79
21601,5.84
21602,5.89
21603,5.96
21604,6.03
21605,6.1
21606,6.18
21607,6.26
21608,6.33
21609,6.4
21610,6.46
21611,6.52
21612,6.58
21613,6.64
21614,6.7
21615,6.76
21616,6.81
21617,6.87
21618,6.92
21619,6.97
21620,7.03
21621,7.08
21622,7.14
21623,7.2
21624,7.26
21625,7.33
21626,7.4
21627,7.47
21628,7.54
21629,7.61
21630,7.68
21631,7.74
21632,7.8
21633,7.86
21634,7.91
21635,7.95
21636,7.99
21637,8.03
21638,8.07
21639,8.1
21640,8.13
21641,8.16
21642,8.2
21643,8.23
21644,8.28
21645,8.33
21646,8.39
21647,8.46
21648,8.54
21649,8.62
21650,8.7
21651,8.78
21652,8.86
21653,8.94
21654,9.01
21655,9.08
21656,9.15
21657,9.21
21658,9.26
21659,9.31
21660,9.36
21661,9.41
21662,9.46
21663,9.51
21664,9.56
21665,9.61
21666,9.66
21667,9.7
21668,9.75
21669,9.8
21670,9.86
21671,9.91
21672,9.98
21673,10.06
21674,10.15
21675,10.25
21676,10.38
21677,10.52
21678,10.67
21679,10.84
21680,11.03
21681,11.23
21682,11.44
21683,11.66
21684,11.89
21685,12.13
21686,12.38
21687,12.64
21688,12.89
21689,13.15
21690,13.39
21691,13.62
21692,13.84
21693,14.04
21694,14.23
21695,14.4
21696,14.55
21697,14.68
21698,14.8
21699,14.92
21700,15.02
21701,15.11
21702,15.2
21703,15.29
21704,15.38
21705,15.47
21706,15.56
21707,15.64
21708,15.71
21709,15.78
21710,15.84
21711,15.9
21712,15.97
21713,16.05
21714,16.14
21715,16.25
21716,16.37
21717,16.51
21718,16.67
21719,16.85
21720,17.03
21721,17.23
21722,17.42
21723,17.62
21724,17.8
21725,17.97
21726,18.13
21727,18.28
21728,18.42
21729,18.54
21730,18.65
21731,18.76
21732,18.86
21733,18.95
21734,19.06
21735,19.16
21736,19.27
21737,19.39
21738,19.5
21739,19.61
21740,19.71
21741,19.81
21742,19.89
21743,19.97
21744,20.05
21745,20.13
21746,20.21
21747,20.3
21748,20.4
21749,20.5
21750,20.61
21751,20.72
21752,20.83
21753,20.93
21754,21.02
21755,21.08
21756,21.12
21757,21.13
21758,21.12
21759,21.08
21760,21.02
21761,20.95
21762,20.87
21763,20.79
21764,20.7
21765,20.61
21766,20.51
21767,20.42
21768,20.33
21769,20.23
21770,20.14
21771,20.04
21772,19.94
21773,19.83
21774,19.72
21775,19.61
21776,19.5
21777,19.4
21778,19.31
21779,19.22
21780,19.14
21781,19.07
21782,19.01
21783,18.94
21784,18.88
21785,18.81
21786,18.73
21787,18.65
21788,18.56
21789,18.47
21790,18.38
21791,18.29
21792,18.19
21793,18.1
21794,18.01
21795,17.92
21796,17.84
21797,17.77
21798,17.71
21799,17.65
21800,17.61
21801,17.57
21802,17.53
21803,17.49
21804,17.45
21805,17.4
21806,17.35
21807,17.28
21808,17.21
21809,17.12
21810,17.01
21811,16.9
21812,16.77
21813,16.62
21814,16.45
21815,16.26
21816,16.05
21817,15.83
21818,15.59
21819,15.35
21820,15.1
21821,14.86
21822,14.63
21823,14.4
21824,14.18
21825,13.97
21826,13.76
21827,13.57
21828,13.38
21829,13.21
21830,13.05
21831,12.9
21832,12.77
21833,12.64
21834,12.52
21835,12.42
21836,12.33
21837,12.25
21838,12.18
21839,12.12
21840,12.06
21841,11.99
21842,11.92
21843,11.84
21844,11.75
21845,11.66
21846,11.56
21847,11.45
21848,11.32
21849,11.19
21850,11.04
21851,10.88
21852,10.7
21853,10.51
21854,10.3
21855,10.09
21856,9.87
21857,9.64
21858,9.42
21859,9.2
21860,8.98
21861,8.77
21862,8.56
21863,8.36
21864,8.17
21865,7.98
21866,7.81
21867,7.64
21868,7.47
21869,7.31
21870,7.14
21871,6.98
21872,6.83
21873,6.67
21874,6.53
21875,6.38
21876,6.25
21877,6.12
21878,6.0
21879,5.88
21880,5.78
21881,5.68
21882,5.59
21883,5.51
21884,5.44
21885,5.4
21886,5.36
21887,5.34
21888,5.34
21889,5.35
21890,5.36
21891,5.38
21892,5.39
21893,5.39
21894,5.38
21895,5.35
21896,5.33
21897,5.3
21898,5.27
21899,5.26
21900,5.25
21901,5.26
21902,5.27
21903,5.29
21904,5.3
21905,5.28
21906,5.25
21907,5.2
21908,5.15
21909,5.12
21910,5.12
21911,5.14
21912,5.18
21913,5.25
21914,5.33
21915,5.43
21916,5.53
21917,5.64
21918,5.75
21919,5.86
21920,5.97
21921,6.07
21922,6.18
21923,6.29
21924,6.4
21925,6.53
21926,6.66
21927,6.79
21928,6.92
21929,7.04
21930,7.15
21931,7.23
21932,7.29
21933,7.33
21934,7.34
21935,7.34
21936,7.33
21937,7.32
21938,7.31
21939,7.29
21940,7.28
21941,7.27
21942,7.27
21943,7.26
21944,7.27
21945,7.27
21946,7.29
21947,7.31
21948,7.33
21949,7.36
21950,7.39
21951,7.42
21952,7.44
21953,7.47
21954,7.49
21955,7.5
21956,7.5
21957,7.5
21958,7.49
21959,7.48
21960,7.47
21961,7.46
21962,7.45
21963,7.44
21964,7.43
21965,7.43
21966,7.43
21967,7.42
21968,7.42
21969,7.41
21970,7.4
21971,7.38
21972,7.37
21973,7.35
21974,7.33
21975,7.32
21976,7.31
21977,7.32
21978,7.33
21979,7.35
21980,7.38
21981,7.42
21982,7.46
21983,7.5
21984,7.54
21985,7.58
21986,7.62
21987,7.64
21988,7.67
21989,7.69
21990,7.71
21991,7.72
21992,7.73
21993,7.74
21994,7.74
21995,7.73
21996,7.72
21997,7.71
21998,7.7
21999,7.69
22000,7.67
22001,7.66
22002,7.64
22003,7.62
22004,7.6
22005,7.58
22006,7.56
22007,7.55
22008,7.55
22009,7.56
22010,7.57
22011,7.59
22012,7.62
22013,7.66
22014,7.71
22015,7.76
22016,7.83
22017,7.9
22018,7.98
22019,8.06
22020,8.15
22021,8.23
22022,8.31
22023,8.39
22024,8.46
22025,8.53
22026,8.59
22027,8.64
22028,8.69
22029,8.74
22030,8.79
22031,8.83
22032,8.87
22033,8.91
22034,8.94
22035,8.97
22036,9.0
22037,9.03
22038,9.06
22039,9.09
22040,9.11
22041,9.13
22042,9.15
22043,9.16
22044,9.16
22045,9.17
22046,9.17
22047,9.17
22048,9.17
22049,9.17
22050,9.18
22051,9.19
22052,9.2
22053,9.22
22054,9.24
22055,9.27
22056,9.29
22057,9.32
22058,9.34
22059,9.36
22060,9.39
22061,9.41
22062,9.44
22063,9.48
22064,9.53
22065,9.59
22066,9.66
22067,9.75
22068,9.84
22069,9.95
22070,10.05
22071,10.16
22072,10.28
22073,10.39
22074,10.51
22075,10.62
22076,10.74
22077,10.86
22078,10.99
22079,11.13
22080,11.28
22081,11.44
22082,11.6
22083,11.77
22084,11.95
22085,12.13
22086,12.31
22087,12.49
22088,12.68
22089,12.87
22090,13.06
22091,13.26
22092,13.46
22093,13.68
22094,13.9
22095,14.13
22096,14.37
22097,14.62
22098,14.87
22099,15.11
22100,15.36
22101,15.61
22102,15.84
22103,16.08
22104,16.3
22105,16.52
22106,16.74
22107,16.95
22108,17.16
22109,17.36
22110,17.55
22111,17.73
22112,17.9
22113,18.05
22114,18.18
22115,18.3
22116,18.4
22117,18.48
22118,18.55
22119,18.6
22120,18.65
22121,18.69
22122,18.72
22123,18.75
22124,18.76
22125,18.77
22126,18.77
22127,18.77
22128,18.77
22129,18.77
22130,18.76
22131,18.75
22132,18.73
22133,18.72
22134,18.7
22135,18.67
22136,18.64
22137,18.62
22138,18.59
22139,18.57
22140,18.54
22141,18.5
22142,18.45
22143,18.4
22144,18.33
22145,18.26
22146,18.18
22147,18.09
22148,18.01
22149,17.91
22150,17.82
22151,17.72
22152,17.61
22153,17.5
22154,17.38
22155,17.25
22156,17.12
22157,16.99
22158,16.85
22159,16.72
22160,16.59
22161,16.47
22162,16.35
22163,16.24
22164,16.13
22165,16.03
22166,15.92
22167,15.82
22168,15.72
22169,15.62
22170,15.53
22171,15.44
22172,15.36
22173,15.29
22174,15.22
22175,15.15
22176,15.09
22177,15.04
22178,15.0
22179,14.96
22180,14.93
22181,14.89
22182,14.86
22183,14.82
22184,14.78
22185,14.73
22186,14.68
22187,14.62
22188,14.56
22189,14.49
22190,14.42
22191,14.34
22192,14.26
22193,14.18
22194,14.09
22195,14.0
22196,13.9
22197,13.79
22198,13.67
22199,13.54
22200,13.4
22201,13.25
22202,13.09
22203,12.93
22204,12.76
22205,12.6
22206,12.45
22207,12.31
22208,12.17
22209,12.04
22210,11.92
22211,11.8
22212,11.68
22213,11.57
22214,11.44
22215,11.32
22216,11.18
22217,11.05
22218,10.91
22219,10.77
22220,10.64
22221,10.5
22222,10.37
22223,10.25
22224,10.12
22225,9.99
22226,9.86
22227,9.72
22228,9.57
22229,9.41
22230,9.23
22231,9.02
22232,8.81
22233,8.57
22234,8.34
22235,8.11
22236,7.9
22237,7.71
22238,7.55
22239,7.41
22240,7.3
22241,7.2
22242,7.13
22243,7.06
22244,7.0
22245,6.95
22246,6.9
22247,6.86
22248,6.83
22249,6.81
22250,6.8
22251,6.8
22252,6.81
22253,6.84
22254,6.88
22255,6.94
22256,7.0
22257,7.07
22258,7.13
22259,7.2
22260,7.25
22261,7.31
22262,7.36
22263,7.4
22264,7.43
22265,7.45
22266,7.45
22267,7.43
22268,7.4
22269,7.35
22270,7.28
22271,7.2
22272,7.1
22273,7.01
22274,6.91
22275,6.81
22276,6.71
22277,6.61
22278,6.52
22279,6.44
22280,6.37
22281,6.3
22282,6.25
22283,6.19
22284,6.15
22285,6.1
22286,6.07
22287,6.04
22288,6.01
22289,5.99
22290,5.98
22291,5.98
22292,5.98
22293,5.99
22294,6.01
22295,6.04
22296,6.07
22297,6.1
22298,6.13
22299,6.17
22300,6.2
22301,6.23
22302,6.26
22303,6.27
22304,6.28
22305,6.28
22306,6.27
22307,6.25
22308,6.23
22309,6.2
22310,6.17
22311,6.14
22312,6.11
22313,6.09
22314,6.06
22315,6.04
22316,6.03
22317,6.01
22318,5.99
22319,5.98
22320,5.96
22321,5.95
22322,5.94
22323,5.92
22324,5.91
22325,5.9
22326,5.89
22327,5.89
22328,5.89
22329,5.91
22330,5.93
22331,5.96
22332,6.01
22333,6.06
22334,6.12
22335,6.19
22336,6.26
22337,6.33
22338,6.41
22339,6.48
22340,6.55
22341,6.62
22342,6.68
22343,6.75
22344,6.81
22345,6.88
22346,6.94
22347,6.99
22348,7.04
22349,7.09
22350,7.13
22351,7.16
22352,7.19
22353,7.21
22354,7.23
22355,7.24
22356,7.25
22357,7.27
22358,7.28
22359,7.29
22360,7.3
22361,7.31
22362,7.33
22363,7.34
22364,7.36
22365,7.38
22366,7.4
22367,7.43
22368,7.47
22369,7.51
22370,7.55
22371,7.6
22372,7.66
22373,7.71
22374,7.77
22375,7.82
22376,7.87
22377,7.92
22378,7.96
22379,8.0
22380,8.03
22381,8.06
22382,8.09
22383,8.12
22384,8.15
22385,8.17
22386,8.21
22387,8.24
22388,8.28
22389,8.33
22390,8.38
22391,8.44
22392,8.5
22393,8.56
22394,8.62
22395,8.68
22396,8.74
22397,8.8
22398,8.86
22399,8.91
22400,8.97
22401,9.01
22402,9.06
22403,9.1
22404,9.14
22405,9.18
22406,9.23
22407,9.27
22408,9.32
22409,9.37
22410,9.41
22411,9.45
22412,9.48
22413,9.51
22414,9.52
22415,9.53
22416,9.52
22417,9.51
22418,9.49
22419,9.46
22420,9.44
22421,9.43
22422,9.42
22423,9.42
22424,9.43
22425,9.45
22426,9.48
22427,9.53
22428,9.58
22429,9.64
22430,9.71
22431,9.78
22432,9.86
22433,9.94
22434,10.02
22435,10.11
22436,10.21
22437,10.32
22438,10.45
22439,10.58
22440,10.73
22441,10.89
22442,11.05
22443,11.22
22444,11.38
22445,11.55
22446,11.71
22447,11.86
22448,12.01
22449,12.15
22450,12.3
22451,12.44
22452,12.59
22453,12.74
22454,12.9
22455,13.07
22456,13.24
22457,13.42
22458,13.61
22459,13.8
22460,13.99
22461,14.19
22462,14.39
22463,14.6
22464,14.8
22465,15.01
22466,15.2
22467,15.38
22468,15.54
22469,15.68
22470,15.81
22471,15.94
22472,16.08
22473,16.22
22474,16.37
22475,16.52
22476,16.68
22477,16.83
22478,16.97
22479,17.1
22480,17.23
22481,17.34
22482,17.44
22483,17.53
22484,17.62
22485,17.71
22486,17.79
22487,17.88
22488,17.95
22489,18.02
22490,18.09
22491,18.15
22492,18.2
22493,18.26
22494,18.3
22495,18.35
22496,18.38
22497,18.41
22498,18.44
22499,18.45
22500,18.45
22501,18.45
22502,18.44
22503,18.42
22504,18.39
22505,18.36
22506,18.33
22507,18.29
22508,18.26
22509,18.22
22510,18.18
22511,18.14
22512,18.09
22513,18.03
22514,17.97
22515,17.9
22516,17.82
22517,17.75
22518,17.67
22519,17.6
22520,17.54
22521,17.48
22522,17.43
22523,17.39
22524,17.35
22525,17.31
22526,17.27
22527,17.22
22528,17.17
22529,17.12
22530,17.06
22531,17.01
22532,16.94
22533,16.87
22534,16.8
22535,16.73
22536,16.66
22537,16.58
22538,16.51
22539,16.44
22540,16.36
22541,16.28
22542,16.18
22543,16.07
22544,15.94
22545,15.8
22546,15.64
22547,15.47
22548,15.29
22549,15.1
22550,14.91
22551,14.73
22552,14.56
22553,14.41
22554,14.26
22555,14.13
22556,14.0
22557,13.88
22558,13.77
22559,13.66
22560,13.55
22561,13.44
22562,13.34
22563,13.23
22564,13.11
22565,12.99
22566,12.86
22567,12.74
22568,12.61
22569,12.48
22570,12.36
22571,12.23
22572,12.1
22573,11.94
22574,11.78
22575,11.59
22576,11.39
22577,11.17
22578,10.94
22579,10.7
22580,10.45
22581,10.19
22582,9.94
22583,9.69
22584,9.46
22585,9.23
22586,9.02
22587,8.83
22588,8.66
22589,8.51
22590,8.37
22591,8.24
22592,8.13
22593,8.03
22594,7.94
22595,7.87
22596,7.8
22597,7.75
22598,7.7
22599,7.66
22600,7.62
22601,7.6
22602,7.57
22603,7.54
22604,7.49
22605,7.43
22606,7.35
22607,7.26
22608,7.15
22609,7.02
22610,6.88
22611,6.73
22612,6.58
22613,6.41
22614,6.24
22615,6.08
22616,5.91
22617,5.75
22618,5.6
22619,5.45
22620,5.31
22621,5.16
22622,5.01
22623,4.87
22624,4.74
22625,4.61
22626,4.5
22627,4.41
22628,4.33
22629,4.28
22630,4.24
22631,4.22
22632,4.22
22633,4.24
22634,4.26
22635,4.3
22636,4.33
22637,4.37
22638,4.4
22639,4.43
22640,4.46
22641,4.49
22642,4.51
22643,4.53
22644,4.54
22645,4.54
22646,4.55
22647,4.55
22648,4.55
22649,4.55
22650,4.53
22651,4.51
22652,4.48
22653,4.43
22654,4.38
22655,4.34
22656,4.3
22657,4.26
22658,4.24
22659,4.22
22660,4.21
22661,4.21
22662,4.21
22663,4.22
22664,4.23
22665,4.24
22666,4.25
22667,4.27
22668,4.3
22669,4.33
22670,4.38
22671,4.44
22672,4.51
22673,4.6
22674,4.69
22675,4.79
22676,4.9
22677,4.99
22678,5.08
22679,5.15
22680,5.22
22681,5.28
22682,5.33
22683,5.39
22684,5.44
22685,5.48
22686,5.53
22687,5.58
22688,5.62
22689,5.66
22690,5.69
22691,5.71
22692,5.72
22693,5.72
22694,5.72
22695,5.72
22696,5.71
22697,5.71
22698,5.71
22699,5.72
22700,5.73
22701,5.75
22702,5.78
22703,5.82
22704,5.87
22705,5.93
22706,5.98
22707,6.04
22708,6.09
22709,6.14
22710,6.19
22711,6.24
22712,6.29
22713,6.35
22714,6.4
22715,6.46
22716,6.53
22717,6.59
22718,6.66
22719,6.72
22720,6.78
22721,6.83
22722,6.88
22723,6.92
22724,6.96
22725,6.99
22726,7.02
22727,7.04
22728,7.06
22729,7.07
22730,7.09
22731,7.1
22732,7.11
22733,7.13
22734,7.16
22735,7.19
22736,7.22
22737,7.27
22738,7.33
22739,7.39
22740,7.46
22741,7.54
22742,7.62
22743,7.71
22744,7.81
22745,7.91
22746,8.01
22747,8.11
22748,8.21
22749,8.3
22750,8.4
22751,8.49
22752,8.59
22753,8.68
22754,8.77
22755,8.86
22756,8.95
22757,9.04
22758,9.12
22759,9.2
22760,9.29
22761,9.38
22762,9.46
22763,9.55
22764,9.64
22765,9.73
22766,9.82
22767,9.91
22768,10.0
22769,10.1
22770,10.2
22771,10.31
22772,10.42
22773,10.54
22774,10.66
22775,10.79
22776,10.91
22777,11.04
22778,11.17
22779,11.3
22780,11.42
22781,11.55
22782,11.68
22783,11.81
22784,11.95
22785,12.09
22786,12.23
22787,12.36
22788,12.48
22789,12.6
22790,12.71
22791,12.81
22792,12.9
22793,13.0
22794,13.1
22795,13.2
22796,13.32
22797,13.45
22798,13.6
22799,13.76
22800,13.93
22801,14.11
22802,14.29
22803,14.47
22804,14.66
22805,14.84
22806,15.01
22807,15.17
22808,15.32
22809,15.46
22810,15.59
22811,15.71
22812,15.83
22813,15.95
22814,16.07
22815,16.21
22816,16.35
22817,16.5
22818,16.65
22819,16.8
22820,16.95
22821,17.08
22822,17.21
22823,17.32
22824,17.43
22825,17.53
22826,17.63
22827,17.74
22828,17.84
22829,17.96
22830,18.09
22831,18.22
22832,18.35
22833,18.48
22834,18.61
22835,18.72
22836,18.83
22837,18.93
22838,19.02
22839,19.11
22840,19.19
22841,19.27
22842,19.34
22843,19.41
22844,19.48
22845,19.54
22846,19.61
22847,19.67
22848,19.72
22849,19.77
22850,19.82
22851,19.86
22852,19.9
22853,19.93
22854,19.96
22855,20.0
22856,20.04
22857,20.08
22858,20.12
22859,20.15
22860,20.19
22861,20.22
22862,20.25
22863,20.27
22864,20.29
22865,20.3
22866,20.3
22867,20.29
22868,20.26
22869,20.23
22870,20.18
22871,20.11
22872,20.03
22873,19.94
22874,19.83
22875,19.71
22876,19.59
22877,19.45
22878,19.32
22879,19.19
22880,19.05
22881,18.92
22882,18.78
22883,18.65
22884,18.51
22885,18.38
22886,18.24
22887,18.11
22888,17.98
22889,17.85
22890,17.73
22891,17.61
22892,17.5
22893,17.4
22894,17.3
22895,17.21
22896,17.13
22897,17.06
22898,17.0
22899,16.94
22900,16.88
22901,16.83
22902,16.77
22903,16.72
22904,16.66
22905,16.59
22906,16.53
22907,16.46
22908,16.38
22909,16.3
22910,16.21
22911,16.12
22912,16.02
22913,15.91
22914,15.8
22915,15.69
22916,15.57
22917,15.45
22918,15.33
22919,15.22
22920,15.1
22921,14.98
22922,14.87
22923,14.75
22924,14.63
22925,14.5
22926,14.37
22927,14.23
22928,14.07
22929,13.91
22930,13.74
22931,13.57
22932,13.39
22933,13.22
22934,13.05
22935,12.9
22936,12.75
22937,12.61
22938,12.49
22939,12.37
22940,12.26
22941,12.16
22942,12.06
22943,11.95
22944,11.84
22945,11.72
22946,11.6
22947,11.46
22948,11.33
22949,11.19
22950,11.05
22951,10.91
22952,10.78
22953,10.65
22954,10.53
22955,10.42
22956,10.32
22957,10.21
22958,10.1
22959,9.98
22960,9.86
22961,9.73
22962,9.6
22963,9.46
22964,9.32
22965,9.19
22966,9.06
22967,8.94
22968,8.84
22969,8.75
22970,8.68
22971,8.64
22972,8.6
22973,8.58
22974,8.56
22975,8.54
22976,8.5
22977,8.46
22978,8.4
22979,8.33
22980,8.25
22981,8.15
22982,8.05
22983,7.93
22984,7.81
22985,7.69
22986,7.55
22987,7.41
22988,7.27
22989,7.12
22990,6.96
22991,6.81
22992,6.66
22993,6.5
22994,6.35
22995,6.21
22996,6.06
22997,5.91
22998,5.77
22999,5.63
23000,5.5
23001,5.38
23002,5.26
23003,5.16
23004,5.07
23005,4.99
23006,4.93
23007,4.89
23008,4.85
23009,4.83
23010,4.81
23011,4.78
23012,4.75
23013,4.71
23014,4.66
23015,4.61
23016,4.55
23017,4.5
23018,4.45
23019,4.41
23020,4.37
23021,4.36
23022,4.35
23023,4.36
23024,4.38
23025,4.41
23026,4.45
23027,4.49
23028,4.54
23029,4.58
23030,4.63
23031,4.67
23032,4.72
23033,4.77
23034,4.83
23035,4.9
23036,4.97
23037,5.04
23038,5.12
23039,5.19
23040,5.27
23041,5.34
23042,5.4
23043,5.46
23044,5.51
23045,5.55
23046,5.59
23047,5.62
23048,5.64
23049,5.66
23050,5.67
23051,5.67
23052,5.67
23053,5.68
23054,5.68
23055,5.69
23056,5.71
23057,5.74
23058,5.78
23059,5.82
23060,5.88
23061,5.94
23062,6.01
23063,6.07
23064,6.14
23065,6.21
23066,6.27
23067,6.34
23068,6.41
23069,6.49
23070,6.57
23071,6.66
23072,6.75
23073,6.86
23074,6.96
23075,7.07
23076,7.17
23077,7.27
23078,7.36
23079,7.45
23080,7.52
23081,7.58
23082,7.64
23083,7.7
23084,7.76
23085,7.82
23086,7.88
23087,7.95
23088,8.03
23089,8.11
23090,8.19
23091,8.27
23092,8.35
23093,8.43
23094,8.5
23095,8.56
23096,8.61
23097,8.67
23098,8.72
23099,8.78
23100,8.84
23101,8.91
23102,8.98
23103,9.06
23104,9.13
23105,9.21
23106,9.29
23107,9.36
23108,9.45
23109,9.53
23110,9.62
23111,9.72
23112,9.82
23113,9.94
23114,10.06
23115,10.19
23116,10.33
23117,10.48
23118,10.63
23119,10.78
23120,10.94
23121,11.1
23122,11.26
23123,11.42
23124,11.59
23125,11.76
23126,11.93
23127,12.11
23128,12.29
23129,12.48
23130,12.68
23131,12.87
23132,13.05
23133,13.23
23134,13.39
23135,13.54
23136,13.67
23137,13.79
23138,13.89
23139,13.99
23140,14.08
23141,14.15
23142,14.22
23143,14.29
23144,14.35
23145,14.41
23146,14.48
23147,14.55
23148,14.63
23149,14.72
23150,14.81
23151,14.9
23152,15.0
23153,15.09
23154,15.2
23155,15.3
23156,15.43
23157,15.57
23158,15.73
23159,15.91
23160,16.09
23161,16.26
23162,16.42
23163,16.57
23164,16.72
23165,16.86
23166,17.0
23167,17.14
23168,17.29
23169,17.43
23170,17.56
23171,17.69
23172,17.81
23173,17.92
23174,18.02
23175,18.1
23176,18.18
23177,18.26
23178,18.33
23179,18.39
23180,18.47
23181,18.56
23182,18.68
23183,18.82
23184,18.97
23185,19.13
23186,19.27
23187,19.4
23188,19.52
23189,19.62
23190,19.72
23191,19.81
23192,19.91
23193,20.01
23194,20.12
23195,20.23
23196,20.36
23197,20.47
23198,20.58
23199,20.66
23200,20.72
23201,20.76
23202,20.79
23203,20.81
23204,20.83
23205,20.86
23206,20.88
23207,20.91
23208,20.92
23209,20.93
23210,20.93
23211,20.92
23212,20.9
23213,20.87
23214,20.84
23215,20.81
23216,20.78
23217,20.76
23218,20.73
23219,20.69
23220,20.66
23221,20.62
23222,20.57
23223,20.51
23224,20.44
23225,20.37
23226,20.29
23227,20.2
23228,20.12
23229,20.05
23230,19.98
23231,19.93
23232,19.89
23233,19.86
23234,19.84
23235,19.81
23236,19.79
23237,19.78
23238,19.76
23239,19.74
23240,19.73
23241,19.71
23242,19.69
23243,19.67
23244,19.64
23245,19.61
23246,19.56
23247,19.51
23248,19.45
23249,19.38
23250,19.3
23251,19.22
23252,19.13
23253,19.04
23254,18.95
23255,18.87
23256,18.78
23257,18.7
23258,18.6
23259,18.5
23260,18.38
23261,18.25
23262,18.11
23263,17.96
23264,17.8
23265,17.63
23266,17.45
23267,17.27
23268,17.08
23269,16.88
23270,16.69
23271,16.49
23272,16.29
23273,16.08
23274,15.86
23275,15.64
23276,15.4
23277,15.15
23278,14.9
23279,14.64
23280,14.38
23281,14.12
23282,13.88
23283,13.64
23284,13.41
23285,13.19
23286,12.99
23287,12.79
23288,12.6
23289,12.43
23290,12.26
23291,12.11
23292,11.96
23293,11.83
23294,11.7
23295,11.58
23296,11.46
23297,11.35
23298,11.25
23299,11.14
23300,11.04
23301,10.94
23302,10.85
23303,10.75
23304,10.66
23305,10.57
23306,10.48
23307,10.39
23308,10.31
23309,10.23
23310,10.15
23311,10.08
23312,10.0
23313,9.93
23314,9.86
23315,9.79
23316,9.71
23317,9.63
23318,9.54
23319,9.45
23320,9.36
23321,9.26
23322,9.16
23323,9.05
23324,8.94
23325,8.81
23326,8.68
23327,8.54
23328,8.4
23329,8.25
23330,8.1
23331,7.95
23332,7.81
23333,7.66
23334,7.5
23335,7.34
23336,7.17
23337,7.0
23338,6.82
23339,6.64
23340,6.45
23341,6.26
23342,6.07
23343,5.87
23344,5.69
23345,5.52
23346,5.37
23347,5.23
23348,5.11
23349,5.0
23350,4.9
23351,4.81
23352,4.73
23353,4.66
23354,4.59
23355,4.53
23356,4.45
23357,4.37
23358,4.27
23359,4.16
23360,4.06
23361,3.97
23362,3.92
23363,3.9
23364,3.92
23365,3.96
23366,4.01
23367,4.07
23368,4.12
23369,4.16
23370,4.21
23371,4.25
23372,4.29
23373,4.33
23374,4.38
23375,4.41
23376,4.45
23377,4.48
23378,4.5
23379,4.52
23380,4.53
23381,4.55
23382,4.55
23383,4.55
23384,4.56
23385,4.56
23386,4.57
23387,4.58
23388,4.6
23389,4.63
23390,4.65
23391,4.69
23392,4.72
23393,4.75
23394,4.79
23395,4.82
23396,4.84
23397,4.86
23398,4.88
23399,4.9
23400,4.92
23401,4.95
23402,5.0
23403,5.06
23404,5.14
23405,5.24
23406,5.35
23407,5.48
23408,5.6
23409,5.73
23410,5.85
23411,5.97
23412,6.07
23413,6.17
23414,6.26
23415,6.34
23416,6.41
23417,6.49
23418,6.57
23419,6.66
23420,6.76
23421,6.86
23422,6.96
23423,7.07
23424,7.18
23425,7.28
23426,7.38
23427,7.47
23428,7.55
23429,7.62
23430,7.68
23431,7.73
23432,7.78
23433,7.83
23434,7.87
23435,7.93
23436,7.98
23437,8.04
23438,8.1
23439,8.17
23440,8.23
23441,8.3
23442,8.36
23443,8.42
23444,8.48
23445,8.53
23446,8.58
23447,8.63
23448,8.66
23449,8.7
23450,8.72
23451,8.75
23452,8.77
23453,8.78
23454,8.79
23455,8.8
23456,8.82
23457,8.83
23458,8.86
23459,8.9
23460,8.95
23461,9.01
23462,9.09
23463,9.18
23464,9.28
23465,9.39
23466,9.51
23467,9.63
23468,9.75
23469,9.88
23470,10.01
23471,10.13
23472,10.25
23473,10.37
23474,10.49
23475,10.61
23476,10.74
23477,10.86
23478,10.98
23479,11.09
23480,11.2
23481,11.3
23482,11.4
23483,11.49
23484,11.58
23485,11.67
23486,11.76
23487,11.84
23488,11.92
23489,11.99
23490,12.05
23491,12.11
23492,12.17
23493,12.23
23494,12.3
23495,12.38
23496,12.48
23497,12.59
23498,12.72
23499,12.86
23500,13.02
23501,13.18
23502,13.36
23503,13.55
23504,13.74
23505,13.94
23506,14.14
23507,14.33
23508,14.53
23509,14.72
23510,14.9
23511,15.09
23512,15.27
23513,15.45
23514,15.64
23515,15.82
23516,16.01
23517,16.2
23518,16.39
23519,16.57
23520,16.76
23521,16.94
23522,17.12
23523,17.29
23524,17.46
23525,17.62
23526,17.77
23527,17.91
23528,18.03
23529,18.14
23530,18.24
23531,18.32
23532,18.39
23533,18.45
23534,18.52
23535,18.58
23536,18.65
23537,18.72
23538,18.8
23539,18.88
23540,18.96
23541,19.03
23542,19.1
23543,19.17
23544,19.24
23545,19.3
23546,19.36
23547,19.42
23548,19.49
23549,19.57
23550,19.66
23551,19.77
23552,19.89
23553,20.02
23554,20.16
23555,20.31
23556,20.47
23557,20.63
23558,20.79
23559,20.95
23560,21.11
23561,21.27
23562,21.42
23563,21.57
23564,21.7
23565,21.83
23566,21.94
23567,22.04
23568,22.11
23569,22.17
23570,22.21
23571,22.23
23572,22.25
23573,22.25
23574,22.25
23575,22.25
23576,22.24
23577,22.23
23578,22.21
23579,22.18
23580,22.15
23581,22.1
23582,22.05
23583,21.98
23584,21.91
23585,21.83
23586,21.74
23587,21.65
23588,21.56
23589,21.47
23590,21.39
23591,21.31
23592,21.23
23593,21.17
23594,21.1
23595,21.04
23596,20.98
23597,20.93
23598,20.87
23599,20.81
23600,20.74
23601,20.68
23602,20.62
23603,20.56
23604,20.51
23605,20.45
23606,20.4
23607,20.35
23608,20.29
23609,20.23
23610,20.15
23611,20.08
23612,19.99
23613,19.9
23614,19.81
23615,19.71
23616,19.61
23617,19.51
23618,19.4
23619,19.3
23620,19.19
23621,19.08
23622,18.97
23623,18.86
23624,18.75
23625,18.64
23626,18.54
23627,18.43
23628,18.33
23629,18.22
23630,18.11
23631,18.0
23632,17.89
23633,17.77
23634,17.65
23635,17.52
23636,17.4
23637,17.27
23638,17.14
23639,17.01
23640,16.88
23641,16.75
23642,16.62
23643,16.48
23644,16.35
23645,16.21
23646,16.06
23647,15.91
23648,15.75
23649,15.59
23650,15.42
23651,15.26
23652,15.1
23653,14.95
23654,14.81
23655,14.67
23656,14.54
23657,14.43
23658,14.31
23659,14.2
23660,14.1
23661,13.98
23662,13.87
23663,13.74
23664,13.62
23665,13.49
23666,13.35
23667,13.21
23668,13.06
23669,12.91
23670,12.76
23671,12.62
23672,12.47
23673,12.34
23674,12.21
23675,12.08
23676,11.95
23677,11.83
23678,11.71
23679,11.59
23680,11.47
23681,11.34
23682,11.22
23683,11.1
23684,10.98
23685,10.85
23686,10.73
23687,10.61
23688,10.49
23689,10.37
23690,10.24
23691,10.12
23692,9.99
23693,9.86
23694,9.74
23695,9.62
23696,9.52
23697,9.42
23698,9.34
23699,9.27
23700,9.2
23701,9.14
23702,9.08
23703,9.04
23704,9.0
23705,8.97
23706,8.96
23707,8.96
23708,8.97
23709,8.99
23710,9.02
23711,9.06
23712,9.11
23713,9.15
23714,9.2
23715,9.24
23716,9.28
23717,9.31
23718,9.34
23719,9.37
23720,9.38
23721,9.37
23722,9.35
23723,9.29
23724,9.22
23725,9.13
23726,9.01
23727,8.87
23728,8.71
23729,8.54
23730,8.36
23731,8.19
23732,8.02
23733,7.86
23734,7.72
23735,7.6
23736,7.49
23737,7.39
23738,7.3
23739,7.22
23740,7.13
23741,7.05
23742,6.96
23743,6.88
23744,6.8
23745,6.73
23746,6.68
23747,6.65
23748,6.64
23749,6.64
23750,6.65
23751,6.69
23752,6.73
23753,6.79
23754,6.85
23755,6.91
23756,6.97
23757,7.03
23758,7.08
23759,7.13
23760,7.17
23761,7.22
23762,7.26
23763,7.31
23764,7.36
23765,7.41
23766,7.46
23767,7.52
23768,7.59
23769,7.65
23770,7.72
23771,7.79
23772,7.86
23773,7.94
23774,8.0
23775,8.07
23776,8.14
23777,8.2
23778,8.26
23779,8.31
23780,8.35
23781,8.37
23782,8.39
23783,8.4
23784,8.41
23785,8.4
23786,8.39
23787,8.37
23788,8.34
23789,8.31
23790,8.27
23791,8.23
23792,8.19
23793,8.16
23794,8.13
23795,8.12
23796,8.12
23797,8.13
23798,8.15
23799,8.19
23800,8.24
23801,8.31
23802,8.38
23803,8.48
23804,8.58
23805,8.69
23806,8.81
23807,8.94
23808,9.07
23809,9.21
23810,9.35
23811,9.49
23812,9.63
23813,9.77
23814,9.91
23815,10.05
23816,10.19
23817,10.31
23818,10.43
23819,10.53
23820,10.61
23821,10.67
23822,10.72
23823,10.75
23824,10.76
23825,10.76
23826,10.74
23827,10.72
23828,10.69
23829,10.67
23830,10.64
23831,10.63
23832,10.62
23833,10.63
23834,10.64
23835,10.67
23836,10.71
23837,10.76
23838,10.81
23839,10.87
23840,10.94
23841,11.01
23842,11.08
23843,11.17
23844,11.26
23845,11.38
23846,11.5
23847,11.65
23848,11.81
23849,11.99
23850,12.18
23851,12.39
23852,12.6
23853,12.81
23854,13.01
23855,13.2
23856,13.38
23857,13.55
23858,13.71
23859,13.86
23860,13.98
23861,14.1
23862,14.19
23863,14.27
23864,14.34
23865,14.4
23866,14.46
23867,14.51
23868,14.57
23869,14.62
23870,14.68
23871,14.75
23872,14.82
23873,14.89
23874,14.96
23875,15.05
23876,15.13
23877,15.23
23878,15.33
23879,15.44
23880,15.56
23881,15.69
23882,15.82
23883,15.97
23884,16.13
23885,16.3
23886,16.49
23887,16.7
23888,16.92
23889,17.16
23890,17.41
23891,17.66
23892,17.91
23893,18.16
23894,18.4
23895,18.63
23896,18.85
23897,19.06
23898,19.25
23899,19.43
23900,19.6
23901,19.76
23902,19.92
23903,20.07
23904,20.22
23905,20.37
23906,20.53
23907,20.68
23908,20.83
23909,20.97
23910,21.09
23911,21.21
23912,21.32
23913,21.41
23914,21.49
23915,21.57
23916,21.63
23917,21.69
23918,21.75
23919,21.8
23920,21.84
23921,21.88
23922,21.92
23923,21.96
23924,22.0
23925,22.03
23926,22.07
23927,22.11
23928,22.15
23929,22.18
23930,22.2
23931,22.21
23932,22.21
23933,22.2
23934,22.17
23935,22.13
23936,22.09
23937,22.05
23938,22.0
23939,21.95
23940,21.91
23941,21.88
23942,21.85
23943,21.82
23944,21.8
23945,21.78
23946,21.75
23947,21.72
23948,21.68
23949,21.62
23950,21.56
23951,21.48
23952,21.4
23953,21.31
23954,21.22
23955,21.13
23956,21.04
23957,20.97
23958,20.9
23959,20.84
23960,20.79
23961,20.74
23962,20.7
23963,20.65
23964,20.6
23965,20.55
23966,20.49
23967,20.43
23968,20.37
23969,20.31
23970,20.26
23971,20.2
23972,20.14
23973,20.09
23974,20.03
23975,19.96
23976,19.89
23977,19.8
23978,19.71
23979,19.61
23980,19.51
23981,19.4
23982,19.29
23983,19.18
23984,19.06
23985,18.94
23986,18.82
23987,18.68
23988,18.55
23989,18.41
23990,18.27
23991,18.13
23992,18.0
23993,17.87
23994,17.74
23995,17.63
23996,17.52
23997,17.41
23998,17.31
23999,17.22
24000,17.12
24001,17.03
24002,16.93
24003,16.83
24004,16.72
24005,16.62
24006,16.5
24007,16.39
24008,16.28
24009,16.16
24010,16.06
24011,15.96
24012,15.86
24013,15.77
24014,15.69
24015,15.61
24016,15.52
24017,15.44
24018,15.35
24019,15.25
24020,15.15
24021,15.04
24022,14.93
24023,14.83
24024,14.72
24025,14.62
24026,14.51
24027,14.41
24028,14.31
24029,14.21
24030,14.1
24031,13.98
24032,13.86
24033,13.72
24034,13.57
24035,13.4
24036,13.22
24037,13.03
24038,12.82
24039,12.6
24040,12.37
24041,12.13
24042,11.89
24043,11.64
24044,11.39
24045,11.14
24046,10.89
24047,10.64
24048,10.4
24049,10.17
24050,9.95
24051,9.74
24052,9.53
24053,9.32
24054,9.13
24055,8.94
24056,8.75
24057,8.57
24058,8.41
24059,8.25
24060,8.12
24061,7.99
24062,7.88
24063,7.79
24064,7.7
24065,7.61
24066,7.53
24067,7.45
24068,7.38
24069,7.32
24070,7.27
24071,7.23
24072,7.19
24073,7.16
24074,7.12
24075,7.08
24076,7.02
24077,6.96
24078,6.88
24079,6.8
24080,6.71
24081,6.62
24082,6.54
24083,6.46
24084,6.39
24085,6.34
24086,6.28
24087,6.22
24088,6.16
24089,6.09
24090,6.01
24091,5.93
24092,5.83
24093,5.73
24094,5.63
24095,5.52
24096,5.41
24097,5.32
24098,5.25
24099,5.2
24100,5.17
24101,5.16
24102,5.17
24103,5.2
24104,5.24
24105,5.28
24106,5.33
24107,5.38
24108,5.43
24109,5.49
24110,5.56
24111,5.63
24112,5.72
24113,5.82
24114,5.93
24115,6.05
24116,6.19
24117,6.33
24118,6.48
24119,6.62
24120,6.76
24121,6.88
24122,6.98
24123,7.07
24124,7.14
24125,7.19
24126,7.23
24127,7.26
24128,7.28
24129,7.29
24130,7.31
24131,7.32
24132,7.34
24133,7.35
24134,7.37
24135,7.39
24136,7.4
24137,7.41
24138,7.42
24139,7.43
24140,7.43
24141,7.43
24142,7.42
24143,7.42
24144,7.41
24145,7.41
24146,7.42
24147,7.42
24148,7.43
24149,7.45
24150,7.48
24151,7.5
24152,7.53
24153,7.57
24154,7.6
24155,7.63
24156,7.66
24157,7.69
24158,7.71
24159,7.73
24160,7.74
24161,7.75
24162,7.76
24163,7.77
24164,7.78
24165,7.8
24166,7.83
24167,7.86
24168,7.89
24169,7.94
24170,7.99
24171,8.05
24172,8.11
24173,8.16
24174,8.21
24175,8.25
24176,8.29
24177,8.33
24178,8.36
24179,8.39
24180,8.41
24181,8.44
24182,8.47
24183,8.5
24184,8.55
24185,8.6
24186,8.66
24187,8.72
24188,8.8
24189,8.88
24190,8.96
24191,9.05
24192,9.13
24193,9.22
24194,9.3
24195,9.38
24196,9.45
24197,9.52
24198,9.59
24199,9.66
24200,9.73
24201,9.81
24202,9.89
24203,9.97
24204,10.06
24205,10.13
24206,10.2
24207,10.26
24208,10.32
24209,10.36
24210,10.39
24211,10.42
24212,10.44
24213,10.46
24214,10.48
24215,10.51
24216,10.54
24217,10.58
24218,10.62
24219,10.67
24220,10.73
24221,10.8
24222,10.88
24223,10.97
24224,11.06
24225,11.17
24226,11.28
24227,11.39
24228,11.51
24229,11.64
24230,11.78
24231,11.92
24232,12.08
24233,12.24
24234,12.4
24235,12.57
24236,12.73
24237,12.89
24238,13.03
24239,13.16
24240,13.29
24241,13.42
24242,13.55
24243,13.69
24244,13.84
24245,13.99
24246,14.16
24247,14.33
24248,14.51
24249,14.69
24250,14.87
24251,15.06
24252,15.24
24253,15.42
24254,15.59
24255,15.76
24256,15.93
24257,16.09
24258,16.25
24259,16.42
24260,16.59
24261,16.75
24262,16.91
24263,17.05
24264,17.17
24265,17.28
24266,17.37
24267,17.45
24268,17.54
24269,17.63
24270,17.73
24271,17.82
24272,17.91
24273,18.0
24274,18.09
24275,18.17
24276,18.26
24277,18.36
24278,18.46
24279,18.57
24280,18.68
24281,18.79
24282,18.91
24283,19.04
24284,19.16
24285,19.29
24286,19.41
24287,19.53
24288,19.63
24289,19.72
24290,19.8
24291,19.88
24292,19.95
24293,20.01
24294,20.07
24295,20.12
24296,20.16
24297,20.19
24298,20.21
24299,20.22
24300,20.22
24301,20.22
24302,20.23
24303,20.24
24304,20.27
24305,20.31
24306,20.35
24307,20.41
24308,20.46
24309,20.52
24310,20.56
24311,20.61
24312,20.64
24313,20.67
24314,20.69
24315,20.7
24316,20.71
24317,20.71
24318,20.72
24319,20.72
24320,20.73
24321,20.74
24322,20.76
24323,20.77
24324,20.78
24325,20.78
24326,20.78
24327,20.78
24328,20.76
24329,20.75
24330,20.72
24331,20.7
24332,20.66
24333,20.62
24334,20.57
24335,20.52
24336,20.46
24337,20.4
24338,20.32
24339,20.24
24340,20.15
24341,20.04
24342,19.93
24343,19.8
24344,19.67
24345,19.53
24346,19.38
24347,19.22
24348,19.06
24349,18.89
24350,18.71
24351,18.53
24352,18.35
24353,18.18
24354,18.01
24355,17.85
24356,17.7
24357,17.56
24358,17.42
24359,17.29
24360,17.16
24361,17.05
24362,16.94
24363,16.83
24364,16.73
24365,16.64
24366,16.54
24367,16.44
24368,16.34
24369,16.22
24370,16.1
24371,15.96
24372,15.82
24373,15.66
24374,15.5
24375,15.35
24376,15.2
24377,15.05
24378,14.92
24379,14.79
24380,14.66
24381,14.52
24382,14.38
24383,14.24
24384,14.09
24385,13.93
24386,13.77
24387,13.62
24388,13.46
24389,13.3
24390,13.15
24391,12.99
24392,12.84
24393,12.71
24394,12.58
24395,12.47
24396,12.38
24397,12.28
24398,12.19
24399,12.09
24400,11.99
24401,11.89
24402,11.78
24403,11.67
24404,11.57
24405,11.48
24406,11.4
24407,11.33
24408,11.26
24409,11.21
24410,11.17
24411,11.13
24412,11.09
24413,11.05
24414,11.0
24415,10.93
24416,10.86
24417,10.77
24418,10.68
24419,10.58
24420,10.47
24421,10.36
24422,10.25
24423,10.14
24424,10.02
24425,9.91
24426,9.78
24427,9.66
24428,9.52
24429,9.38
24430,9.22
24431,9.05
24432,8.87
24433,8.69
24434,8.49
24435,8.3
24436,8.12
24437,7.94
24438,7.78
24439,7.63
24440,7.5
24441,7.38
24442,7.27
24443,7.17
24444,7.08
24445,6.99
24446,6.91
24447,6.83
24448,6.75
24449,6.67
24450,6.59
24451,6.51
24452,6.44
24453,6.36
24454,6.28
24455,6.2
24456,6.12
24457,6.04
24458,5.97
24459,5.89
24460,5.81
24461,5.74
24462,5.66
24463,5.58
24464,5.51
24465,5.43
24466,5.35
24467,5.26
24468,5.18
24469,5.1
24470,5.01
24471,4.92
24472,4.83
